GESTÃO DO SISTEMA DE CONTROLE OPERACIONAL;;;;;;;
RELATÓRIO Nº:  ;;;;;;;
LOCAL :  Lamon;;;;;;;
Estação Pitométrica:  LAMON PRODUTOS;;;;;;;
Equipamento Medição:  ;;;;;;;
Diametro da Tubulação (D):  ;;;;;;;
Correção do Diametro (Kd):  1,08160;;;;;;;
Fator de correção de velocidade(FV):  0,97800;;;;;;;
Área Efetiva (Sef):  0,01719;;;;;;;
Correção de Introdução do Tap (Kp):  0,99800;;;;;;;
Fator de correção LAMON (Fcl):  1,00000;;;;;;;
Fator de correção de Temperatura(Fct):  1,00130;;;;;;;
Constante da EP (Kc): (FV*Sef*Kd*Kp*FcL*Fct) : 0,01817;;;;;;;
Ponto;Data;Hora;Dp(mmH2O);P(mH2O);Veloc.(m/s);Vazão(Q m³/h);Total(m³)
1;05/02/2024;16:45:00;54,1;8,5;0,891;58,32;0
2;05/02/2024;16:45:01;54,2;8,5;0,892;58,32;0,02
3;05/02/2024;16:45:02;54;8,5;0,89;58,32;0,03
4;05/02/2024;16:45:03;53,8;8,5;0,889;57,96;0,05
5;05/02/2024;16:45:04;53,8;8,5;0,889;57,96;0,06
6;05/02/2024;16:45:05;54;8,6;0,89;58,32;0,08
7;05/02/2024;16:45:06;55;8,5;0,898;58,68;0,1
8;05/02/2024;16:45:07;54,9;8,5;0,898;58,68;0,11
9;05/02/2024;16:45:08;54,5;8,5;0,894;58,68;0,13
10;05/02/2024;16:45:09;54,6;8,5;0,895;58,68;0,15
11;05/02/2024;16:45:10;55,1;8,6;0,899;58,68;0,16
12;05/02/2024;16:45:11;55,1;8,5;0,899;58,68;0,18
13;05/02/2024;16:45:12;54,8;8,6;0,897;58,68;0,19
14;05/02/2024;16:45:13;54,5;8,5;0,894;58,68;0,21
15;05/02/2024;16:45:14;54,3;8,6;0,893;58,32;0,23
16;05/02/2024;16:45:15;54,5;8,6;0,894;58,68;0,24
17;05/02/2024;16:45:16;54,6;8,6;0,895;58,68;0,26
18;05/02/2024;16:45:17;54,5;8,5;0,894;58,68;0,28
19;05/02/2024;16:45:18;54,5;8,5;0,894;58,68;0,29
20;05/02/2024;16:45:19;54,7;8,6;0,896;58,68;0,31
21;05/02/2024;16:45:20;54,9;8,5;0,898;58,68;0,33
22;05/02/2024;16:45:21;55,4;8,6;0,902;59,04;0,34
23;05/02/2024;16:45:22;56;8,5;0,907;59,4;0,36
24;05/02/2024;16:45:23;55,1;8,5;0,899;58,68;0,37
25;05/02/2024;16:45:24;54,6;8,5;0,895;58,68;0,39
26;05/02/2024;16:45:25;55;8,6;0,898;58,68;0,41
27;05/02/2024;16:45:26;55,1;8,5;0,899;58,68;0,42
28;05/02/2024;16:45:27;54,9;8,5;0,898;58,68;0,44
29;05/02/2024;16:45:28;55;8,5;0,898;58,68;0,46
30;05/02/2024;16:45:29;55,2;8,5;0,9;59,04;0,47
31;05/02/2024;16:45:30;55,2;8,5;0,9;59,04;0,49
32;05/02/2024;16:45:31;54,6;8,5;0,895;58,68;0,5
33;05/02/2024;16:45:32;54,8;8,5;0,897;58,68;0,52
34;05/02/2024;16:45:33;54,8;8,5;0,897;58,68;0,54
35;05/02/2024;16:45:34;55,4;8,5;0,902;59,04;0,55
36;05/02/2024;16:45:35;55,2;8,5;0,9;59,04;0,57
37;05/02/2024;16:45:36;55,4;8,6;0,902;59,04;0,59
38;05/02/2024;16:45:37;55,4;8,5;0,902;59,04;0,6
39;05/02/2024;16:45:38;55,7;8,5;0,904;59,04;0,62
40;05/02/2024;16:45:39;55,5;8,5;0,902;59,04;0,64
41;05/02/2024;16:45:40;55,4;8,5;0,902;59,04;0,65
42;05/02/2024;16:45:41;55,1;8,5;0,899;58,68;0,67
43;05/02/2024;16:45:42;55;8,5;0,898;58,68;0,68
44;05/02/2024;16:45:43;55,1;8,6;0,899;58,68;0,7
45;05/02/2024;16:45:44;55,1;8,6;0,899;58,68;0,72
46;05/02/2024;16:45:45;55,5;8,6;0,902;59,04;0,73
47;05/02/2024;16:45:46;55,1;8,6;0,899;58,68;0,75
48;05/02/2024;16:45:47;55,4;8,6;0,902;59,04;0,77
49;05/02/2024;16:45:48;55,7;8,6;0,904;59,04;0,78
50;05/02/2024;16:45:49;56,2;8,5;0,908;59,4;0,8
51;05/02/2024;16:45:50;56,2;8,5;0,908;59,4;0,82
52;05/02/2024;16:45:51;55,6;8,5;0,903;59,04;0,83
53;05/02/2024;16:45:52;55,4;8,6;0,902;59,04;0,85
54;05/02/2024;16:45:53;55,2;8,6;0,9;59,04;0,87
55;05/02/2024;16:45:54;54,4;8,5;0,893;58,32;0,88
56;05/02/2024;16:45:55;54,4;8,5;0,893;58,32;0,9
57;05/02/2024;16:45:56;54,6;8,5;0,895;58,68;0,91
58;05/02/2024;16:45:57;54,2;8,5;0,892;58,32;0,93
59;05/02/2024;16:45:58;54,3;8,5;0,893;58,32;0,95
60;05/02/2024;16:45:59;54,6;8,5;0,895;58,68;0,96
61;05/02/2024;16:46:00;54,6;8,5;0,895;58,68;0,98
62;05/02/2024;16:46:01;54,6;8,5;0,895;58,68;1
63;05/02/2024;16:46:02;54,6;8,5;0,895;58,68;1,01
64;05/02/2024;16:46:03;54,5;8,5;0,894;58,68;1,03
65;05/02/2024;16:46:04;54,3;8,5;0,893;58,32;1,04
66;05/02/2024;16:46:05;54,1;8,5;0,891;58,32;1,06
67;05/02/2024;16:46:06;54,9;8,5;0,898;58,68;1,08
68;05/02/2024;16:46:07;55,5;8,5;0,902;59,04;1,09
69;05/02/2024;16:46:08;55,1;8,5;0,899;58,68;1,11
70;05/02/2024;16:46:09;55,2;8,5;0,9;59,04;1,13
71;05/02/2024;16:46:10;54,8;8,5;0,897;58,68;1,14
72;05/02/2024;16:46:11;54,7;8,5;0,896;58,68;1,16
73;05/02/2024;16:46:12;54,9;8,6;0,898;58,68;1,17
74;05/02/2024;16:46:13;55,3;8,5;0,901;59,04;1,19
75;05/02/2024;16:46:14;55,6;8,6;0,903;59,04;1,21
76;05/02/2024;16:46:15;56;8,5;0,907;59,4;1,22
77;05/02/2024;16:46:16;55,5;8,5;0,902;59,04;1,24
78;05/02/2024;16:46:17;55,1;8,6;0,899;58,68;1,26
79;05/02/2024;16:46:18;55,3;8,6;0,901;59,04;1,27
80;05/02/2024;16:46:19;55,2;8,6;0,9;59,04;1,29
81;05/02/2024;16:46:20;55,4;8,6;0,902;59,04;1,31
82;05/02/2024;16:46:21;55;8,6;0,898;58,68;1,32
83;05/02/2024;16:46:22;55;8,6;0,898;58,68;1,34
84;05/02/2024;16:46:23;55,3;8,6;0,901;59,04;1,35
85;05/02/2024;16:46:24;55,1;8,6;0,899;58,68;1,37
86;05/02/2024;16:46:25;55,4;8,6;0,902;59,04;1,39
87;05/02/2024;16:46:26;55,1;8,6;0,899;58,68;1,4
88;05/02/2024;16:46:27;54,8;8,6;0,897;58,68;1,42
89;05/02/2024;16:46:28;54,7;8,6;0,896;58,68;1,44
90;05/02/2024;16:46:29;55,2;8,5;0,9;59,04;1,45
91;05/02/2024;16:46:30;55,6;8,6;0,903;59,04;1,47
92;05/02/2024;16:46:31;55,7;8,6;0,904;59,04;1,49
93;05/02/2024;16:46:32;55,7;8,5;0,904;59,04;1,5
94;05/02/2024;16:46:33;55,8;8,5;0,905;59,04;1,52
95;05/02/2024;16:46:34;55,2;8,5;0,9;59,04;1,53
96;05/02/2024;16:46:35;55,4;8,6;0,902;59,04;1,55
97;05/02/2024;16:46:36;55,6;8,5;0,903;59,04;1,57
98;05/02/2024;16:46:37;56,3;8,5;0,909;59,4;1,58
99;05/02/2024;16:46:38;56,4;8,5;0,91;59,4;1,6
100;05/02/2024;16:46:39;55,6;8,5;0,903;59,04;1,62
101;05/02/2024;16:46:40;55,5;8,5;0,902;59,04;1,63
102;05/02/2024;16:46:41;55,1;8,5;0,899;58,68;1,65
103;05/02/2024;16:46:42;55,2;8,5;0,9;59,04;1,67
104;05/02/2024;16:46:43;54,6;8,6;0,895;58,68;1,68
105;05/02/2024;16:46:44;54,8;8,6;0,897;58,68;1,7
106;05/02/2024;16:46:45;54,8;8,5;0,897;58,68;1,71
107;05/02/2024;16:46:46;55;8,5;0,898;58,68;1,73
108;05/02/2024;16:46:47;55,1;8,5;0,899;58,68;1,75
109;05/02/2024;16:46:48;55,3;8,5;0,901;59,04;1,76
110;05/02/2024;16:46:49;55,8;8,5;0,905;59,04;1,78
111;05/02/2024;16:46:50;55,8;8,5;0,905;59,04;1,8
112;05/02/2024;16:46:51;55,1;8,5;0,899;58,68;1,81
113;05/02/2024;16:46:52;55,2;8,5;0,9;59,04;1,83
114;05/02/2024;16:46:53;54,7;8,5;0,896;58,68;1,85
115;05/02/2024;16:46:54;54,3;8,5;0,893;58,32;1,86
116;05/02/2024;16:46:55;54,6;8,5;0,895;58,68;1,88
117;05/02/2024;16:46:56;54,3;8,5;0,893;58,32;1,89
118;05/02/2024;16:46:57;54,2;8,5;0,892;58,32;1,91
119;05/02/2024;16:46:58;54;8,5;0,89;58,32;1,93
120;05/02/2024;16:46:59;54,2;8,5;0,892;58,32;1,94
121;05/02/2024;16:47:00;54,4;8,5;0,893;58,32;1,96
122;05/02/2024;16:47:01;54,6;8,5;0,895;58,68;1,98
123;05/02/2024;16:47:02;55;8,5;0,898;58,68;1,99
124;05/02/2024;16:47:03;54,7;8,5;0,896;58,68;2,01
125;05/02/2024;16:47:04;54,8;8,5;0,897;58,68;2,02
126;05/02/2024;16:47:05;54,7;8,5;0,896;58,68;2,04
127;05/02/2024;16:47:06;55,1;8,5;0,899;58,68;2,06
128;05/02/2024;16:47:07;55,4;8,5;0,902;59,04;2,07
129;05/02/2024;16:47:08;55,1;8,5;0,899;58,68;2,09
130;05/02/2024;16:47:09;54,8;8,5;0,897;58,68;2,11
131;05/02/2024;16:47:10;55;8,5;0,898;58,68;2,12
132;05/02/2024;16:47:11;54,6;8,5;0,895;58,68;2,14
133;05/02/2024;16:47:12;54,1;8,5;0,891;58,32;2,15
134;05/02/2024;16:47:13;53,6;8,6;0,887;57,96;2,17
135;05/02/2024;16:47:14;53,8;8,5;0,889;57,96;2,19
136;05/02/2024;16:47:15;54;8,5;0,89;58,32;2,2
137;05/02/2024;16:47:16;54,1;8,5;0,891;58,32;2,22
138;05/02/2024;16:47:17;54,2;8,5;0,892;58,32;2,24
139;05/02/2024;16:47:18;54,3;8,5;0,893;58,32;2,25
140;05/02/2024;16:47:19;54,3;8,5;0,893;58,32;2,27
141;05/02/2024;16:47:20;54,1;8,5;0,891;58,32;2,28
142;05/02/2024;16:47:21;54,4;8,5;0,893;58,32;2,3
143;05/02/2024;16:47:22;54,3;8,5;0,893;58,32;2,32
144;05/02/2024;16:47:23;54,5;8,5;0,894;58,68;2,33
145;05/02/2024;16:47:24;54,3;8,5;0,893;58,32;2,35
146;05/02/2024;16:47:25;54,4;8,5;0,893;58,32;2,37
147;05/02/2024;16:47:26;54,4;8,5;0,893;58,32;2,38
148;05/02/2024;16:47:27;54,4;8,5;0,893;58,32;2,4
149;05/02/2024;16:47:28;54,2;8,5;0,892;58,32;2,41
150;05/02/2024;16:47:29;54,4;8,6;0,893;58,32;2,43
151;05/02/2024;16:47:30;54,4;8,6;0,893;58,32;2,45
152;05/02/2024;16:47:31;54,6;8,5;0,895;58,68;2,46
153;05/02/2024;16:47:32;54,6;8,5;0,895;58,68;2,48
154;05/02/2024;16:47:33;54,9;8,5;0,898;58,68;2,5
155;05/02/2024;16:47:34;54,5;8,5;0,894;58,68;2,51
156;05/02/2024;16:47:35;54,6;8,5;0,895;58,68;2,53
157;05/02/2024;16:47:36;54,3;8,5;0,893;58,32;2,54
158;05/02/2024;16:47:37;54,3;8,5;0,893;58,32;2,56
159;05/02/2024;16:47:38;54,1;8,5;0,891;58,32;2,58
160;05/02/2024;16:47:39;54,3;8,5;0,893;58,32;2,59
161;05/02/2024;16:47:40;54,6;8,5;0,895;58,68;2,61
162;05/02/2024;16:47:41;54,7;8,5;0,896;58,68;2,63
163;05/02/2024;16:47:42;54,8;8,5;0,897;58,68;2,64
164;05/02/2024;16:47:43;54,8;8,5;0,897;58,68;2,66
165;05/02/2024;16:47:44;55;8,5;0,898;58,68;2,67
166;05/02/2024;16:47:45;55;8,5;0,898;58,68;2,69
167;05/02/2024;16:47:46;55,2;8,5;0,9;59,04;2,71
168;05/02/2024;16:47:47;54,8;8,5;0,897;58,68;2,72
169;05/02/2024;16:47:48;54,8;8,5;0,897;58,68;2,74
170;05/02/2024;16:47:49;54,7;8,5;0,896;58,68;2,76
171;05/02/2024;16:47:50;54,9;8,5;0,898;58,68;2,77
172;05/02/2024;16:47:51;54,6;8,5;0,895;58,68;2,79
173;05/02/2024;16:47:52;54,7;8,5;0,896;58,68;2,8
174;05/02/2024;16:47:53;54,7;8,5;0,896;58,68;2,82
175;05/02/2024;16:47:54;54,7;8,5;0,896;58,68;2,84
176;05/02/2024;16:47:55;55;8,5;0,898;58,68;2,85
177;05/02/2024;16:47:56;54,6;8,5;0,895;58,68;2,87
178;05/02/2024;16:47:57;54,4;8,5;0,893;58,32;2,89
179;05/02/2024;16:47:58;54,4;8,5;0,893;58,32;2,9
180;05/02/2024;16:47:59;54,3;8,5;0,893;58,32;2,92
181;05/02/2024;16:48:00;54,5;8,5;0,894;58,68;2,93
182;05/02/2024;16:48:01;54,5;8,5;0,894;58,68;2,95
183;05/02/2024;16:48:02;54,6;8,5;0,895;58,68;2,97
184;05/02/2024;16:48:03;54,6;8,5;0,895;58,68;2,98
185;05/02/2024;16:48:04;54,5;8,5;0,894;58,68;3
186;05/02/2024;16:48:05;54,2;8,6;0,892;58,32;3,02
187;05/02/2024;16:48:06;53,8;8,5;0,889;57,96;3,03
188;05/02/2024;16:48:07;53,7;8,5;0,888;57,96;3,05
189;05/02/2024;16:48:08;53,9;8,5;0,889;58,32;3,06
190;05/02/2024;16:48:09;54,5;8,5;0,894;58,68;3,08
191;05/02/2024;16:48:10;54,3;8,5;0,893;58,32;3,1
192;05/02/2024;16:48:11;54,5;8,5;0,894;58,68;3,11
193;05/02/2024;16:48:12;54,6;8,5;0,895;58,68;3,13
194;05/02/2024;16:48:13;54,7;8,5;0,896;58,68;3,15
195;05/02/2024;16:48:14;54,5;8,6;0,894;58,68;3,16
196;05/02/2024;16:48:15;54,3;8,5;0,893;58,32;3,18
197;05/02/2024;16:48:16;54,3;8,5;0,893;58,32;3,19
198;05/02/2024;16:48:17;54,5;8,6;0,894;58,68;3,21
199;05/02/2024;16:48:18;54,4;8,6;0,893;58,32;3,23
200;05/02/2024;16:48:19;54,4;8,5;0,893;58,32;3,24
201;05/02/2024;16:48:20;54,6;8,6;0,895;58,68;3,26
202;05/02/2024;16:48:21;54,2;8,5;0,892;58,32;3,28
203;05/02/2024;16:48:22;54,6;8,5;0,895;58,68;3,29
204;05/02/2024;16:48:23;54,5;8,6;0,894;58,68;3,31
205;05/02/2024;16:48:24;54,4;8,6;0,893;58,32;3,32
206;05/02/2024;16:48:25;54,3;8,6;0,893;58,32;3,34
207;05/02/2024;16:48:26;54,1;8,6;0,891;58,32;3,36
208;05/02/2024;16:48:27;54,1;8,6;0,891;58,32;3,37
209;05/02/2024;16:48:28;54,1;8,6;0,891;58,32;3,39
210;05/02/2024;16:48:29;54,7;8,6;0,896;58,68;3,41
211;05/02/2024;16:48:30;54,7;8,6;0,896;58,68;3,42
212;05/02/2024;16:48:31;54,7;8,6;0,896;58,68;3,44
213;05/02/2024;16:48:32;54,9;8,6;0,898;58,68;3,45
214;05/02/2024;16:48:33;55,2;8,6;0,9;59,04;3,47
215;05/02/2024;16:48:34;55,3;8,6;0,901;59,04;3,49
216;05/02/2024;16:48:35;55,8;8,5;0,905;59,04;3,5
217;05/02/2024;16:48:36;55,9;8,5;0,906;59,4;3,52
218;05/02/2024;16:48:37;55,7;8,5;0,904;59,04;3,54
219;05/02/2024;16:48:38;55,5;8,6;0,902;59,04;3,55
220;05/02/2024;16:48:39;55,4;8,6;0,902;59,04;3,57
221;05/02/2024;16:48:40;55,1;8,6;0,899;58,68;3,59
222;05/02/2024;16:48:41;55,1;8,5;0,899;58,68;3,6
223;05/02/2024;16:48:42;54,8;8,5;0,897;58,68;3,62
224;05/02/2024;16:48:43;54,6;8,5;0,895;58,68;3,63
225;05/02/2024;16:48:44;54,1;8,6;0,891;58,32;3,65
226;05/02/2024;16:48:45;54,1;8,6;0,891;58,32;3,67
227;05/02/2024;16:48:46;54,3;8,6;0,893;58,32;3,68
228;05/02/2024;16:48:47;54,7;8,6;0,896;58,68;3,7
229;05/02/2024;16:48:48;54,4;8,6;0,893;58,32;3,72
230;05/02/2024;16:48:49;54,2;8,6;0,892;58,32;3,73
231;05/02/2024;16:48:50;54,4;8,5;0,893;58,32;3,75
232;05/02/2024;16:48:51;54,6;8,5;0,895;58,68;3,76
233;05/02/2024;16:48:52;55;8,6;0,898;58,68;3,78
234;05/02/2024;16:48:53;55,1;8,6;0,899;58,68;3,8
235;05/02/2024;16:48:54;54,8;8,6;0,897;58,68;3,81
236;05/02/2024;16:48:55;54,2;8,5;0,892;58,32;3,83
237;05/02/2024;16:48:56;54,5;8,6;0,894;58,68;3,85
238;05/02/2024;16:48:57;55,1;8,5;0,899;58,68;3,86
239;05/02/2024;16:48:58;55,8;8,5;0,905;59,04;3,88
240;05/02/2024;16:48:59;56;8,5;0,907;59,4;3,89
241;05/02/2024;16:49:00;55,9;8,5;0,906;59,4;3,91
242;05/02/2024;16:49:01;56,1;8,5;0,907;59,4;3,93
243;05/02/2024;16:49:02;56;8,6;0,907;59,4;3,94
244;05/02/2024;16:49:03;55,6;8,5;0,903;59,04;3,96
245;05/02/2024;16:49:04;55,9;8,5;0,906;59,4;3,98
246;05/02/2024;16:49:05;56,1;8,5;0,907;59,4;3,99
247;05/02/2024;16:49:06;55,4;8,5;0,902;59,04;4,01
248;05/02/2024;16:49:07;55;8,5;0,898;58,68;4,03
249;05/02/2024;16:49:08;54,8;8,5;0,897;58,68;4,04
250;05/02/2024;16:49:09;54,8;8,5;0,897;58,68;4,06
251;05/02/2024;16:49:10;54,8;8,5;0,897;58,68;4,08
252;05/02/2024;16:49:11;54,4;8,5;0,893;58,32;4,09
253;05/02/2024;16:49:12;54,5;8,5;0,894;58,68;4,11
254;05/02/2024;16:49:13;54,3;8,5;0,893;58,32;4,12
255;05/02/2024;16:49:14;54,2;8,5;0,892;58,32;4,14
256;05/02/2024;16:49:15;54,5;8,5;0,894;58,68;4,16
257;05/02/2024;16:49:16;54,2;8,5;0,892;58,32;4,17
258;05/02/2024;16:49:17;54,5;8,5;0,894;58,68;4,19
259;05/02/2024;16:49:18;54,5;8,5;0,894;58,68;4,21
260;05/02/2024;16:49:19;54,7;8,5;0,896;58,68;4,22
261;05/02/2024;16:49:20;54,7;8,5;0,896;58,68;4,24
262;05/02/2024;16:49:21;54,6;8,5;0,895;58,68;4,25
263;05/02/2024;16:49:22;54,6;8,5;0,895;58,68;4,27
264;05/02/2024;16:49:23;54,3;8,5;0,893;58,32;4,29
265;05/02/2024;16:49:24;54,4;8,5;0,893;58,32;4,3
266;05/02/2024;16:49:25;54,9;8,5;0,898;58,68;4,32
267;05/02/2024;16:49:26;54,7;8,5;0,896;58,68;4,34
268;05/02/2024;16:49:27;54,7;8,5;0,896;58,68;4,35
269;05/02/2024;16:49:28;54,6;8,5;0,895;58,68;4,37
270;05/02/2024;16:49:29;54,8;8,5;0,897;58,68;4,38
271;05/02/2024;16:49:30;55,5;8,5;0,902;59,04;4,4
272;05/02/2024;16:49:31;54,7;8,5;0,896;58,68;4,42
273;05/02/2024;16:49:32;54,7;8,5;0,896;58,68;4,43
274;05/02/2024;16:49:33;54,6;8,5;0,895;58,68;4,45
275;05/02/2024;16:49:34;54,6;8,5;0,895;58,68;4,47
276;05/02/2024;16:49:35;54,7;8,5;0,896;58,68;4,48
277;05/02/2024;16:49:36;54,6;8,5;0,895;58,68;4,5
278;05/02/2024;16:49:37;54;8,5;0,89;58,32;4,52
279;05/02/2024;16:49:38;54,2;8,5;0,892;58,32;4,53
280;05/02/2024;16:49:39;54,4;8,5;0,893;58,32;4,55
281;05/02/2024;16:49:40;54,5;8,5;0,894;58,68;4,56
282;05/02/2024;16:49:41;54,8;8,5;0,897;58,68;4,58
283;05/02/2024;16:49:42;55,2;8,5;0,9;59,04;4,6
284;05/02/2024;16:49:43;55,1;8,5;0,899;58,68;4,61
285;05/02/2024;16:49:44;55,1;8,5;0,899;58,68;4,63
286;05/02/2024;16:49:45;55,4;8,5;0,902;59,04;4,65
287;05/02/2024;16:49:46;54,8;8,5;0,897;58,68;4,66
288;05/02/2024;16:49:47;55,2;8,5;0,9;59,04;4,68
289;05/02/2024;16:49:48;55;8,5;0,898;58,68;4,69
290;05/02/2024;16:49:49;55,1;8,6;0,899;58,68;4,71
291;05/02/2024;16:49:50;55,6;8,6;0,903;59,04;4,73
292;05/02/2024;16:49:51;55,1;8,5;0,899;58,68;4,74
293;05/02/2024;16:49:52;54,9;8,5;0,898;58,68;4,76
294;05/02/2024;16:49:53;54,5;8,6;0,894;58,68;4,78
295;05/02/2024;16:49:54;55,2;8,5;0,9;59,04;4,79
296;05/02/2024;16:49:55;55,2;8,6;0,9;59,04;4,81
297;05/02/2024;16:49:56;55,2;8,6;0,9;59,04;4,83
298;05/02/2024;16:49:57;54,7;8,6;0,896;58,68;4,84
299;05/02/2024;16:49:58;55,1;8,6;0,899;58,68;4,86
300;05/02/2024;16:49:59;55,4;8,6;0,902;59,04;4,87
301;05/02/2024;16:50:00;54,9;8,6;0,898;58,68;4,89
302;05/02/2024;16:50:01;55,1;8,7;0,899;58,68;4,91
303;05/02/2024;16:50:02;55;8,6;0,898;58,68;4,92
304;05/02/2024;16:50:03;54,9;8,6;0,898;58,68;4,94
305;05/02/2024;16:50:04;55,1;8,6;0,899;58,68;4,96
306;05/02/2024;16:50:05;55;8,6;0,898;58,68;4,97
307;05/02/2024;16:50:06;55,3;8,6;0,901;59,04;4,99
308;05/02/2024;16:50:07;55,5;8,6;0,902;59,04;5
309;05/02/2024;16:50:08;55,2;8,6;0,9;59,04;5,02
310;05/02/2024;16:50:09;56,5;8,6;0,911;59,4;5,04
311;05/02/2024;16:50:10;56,4;8,6;0,91;59,4;5,05
312;05/02/2024;16:50:11;56;8,6;0,907;59,4;5,07
313;05/02/2024;16:50:12;55,8;8,6;0,905;59,04;5,09
314;05/02/2024;16:50:13;56,1;8,6;0,907;59,4;5,1
315;05/02/2024;16:50:14;56,2;8,6;0,908;59,4;5,12
316;05/02/2024;16:50:15;56,5;8,6;0,911;59,4;5,14
317;05/02/2024;16:50:16;56,1;8,6;0,907;59,4;5,15
318;05/02/2024;16:50:17;55,6;8,6;0,903;59,04;5,17
319;05/02/2024;16:50:18;55,1;8,6;0,899;58,68;5,19
320;05/02/2024;16:50:19;54,7;8,6;0,896;58,68;5,2
321;05/02/2024;16:50:20;55,2;8,6;0,9;59,04;5,22
322;05/02/2024;16:50:21;55,6;8,6;0,903;59,04;5,23
323;05/02/2024;16:50:22;55,5;8,6;0,902;59,04;5,25
324;05/02/2024;16:50:23;55,9;8,6;0,906;59,4;5,27
325;05/02/2024;16:50:24;55,7;8,6;0,904;59,04;5,28
326;05/02/2024;16:50:25;55,4;8,5;0,902;59,04;5,3
327;05/02/2024;16:50:26;55;8,6;0,898;58,68;5,32
328;05/02/2024;16:50:27;54,5;8,5;0,894;58,68;5,33
329;05/02/2024;16:50:28;54,6;8,5;0,895;58,68;5,35
330;05/02/2024;16:50:29;54,5;8,5;0,894;58,68;5,37
331;05/02/2024;16:50:30;53,3;8,5;0,884;57,96;5,38
332;05/02/2024;16:50:31;52,6;8,5;0,879;57,6;5,4
333;05/02/2024;16:50:32;52,8;8,5;0,88;57,6;5,41
334;05/02/2024;16:50:33;53,5;8,5;0,886;57,96;5,43
335;05/02/2024;16:50:34;53,7;8,5;0,888;57,96;5,45
336;05/02/2024;16:50:35;54,6;8,6;0,895;58,68;5,46
337;05/02/2024;16:50:36;52,3;8,5;0,876;57,24;5,48
338;05/02/2024;16:50:37;52,6;8,5;0,879;57,6;5,49
339;05/02/2024;16:50:38;53;8,5;0,882;57,6;5,51
340;05/02/2024;16:50:39;53,9;8,5;0,889;58,32;5,53
341;05/02/2024;16:50:40;53,6;8,5;0,887;57,96;5,54
342;05/02/2024;16:50:41;53,3;8,5;0,884;57,96;5,56
343;05/02/2024;16:50:42;53,1;8,6;0,883;57,6;5,58
344;05/02/2024;16:50:43;53,2;8,5;0,884;57,96;5,59
345;05/02/2024;16:50:44;53,6;8,5;0,887;57,96;5,61
346;05/02/2024;16:50:45;53,5;8,5;0,886;57,96;5,62
347;05/02/2024;16:50:46;53,6;8,5;0,887;57,96;5,64
348;05/02/2024;16:50:47;53,5;8,5;0,886;57,96;5,66
349;05/02/2024;16:50:48;53,8;8,5;0,889;57,96;5,67
350;05/02/2024;16:50:49;54,2;8,6;0,892;58,32;5,69
351;05/02/2024;16:50:50;53,9;8,5;0,889;58,32;5,7
352;05/02/2024;16:50:51;54,4;8,5;0,893;58,32;5,72
353;05/02/2024;16:50:52;54,3;8,5;0,893;58,32;5,74
354;05/02/2024;16:50:53;54,1;8,5;0,891;58,32;5,75
355;05/02/2024;16:50:54;54,1;8,5;0,891;58,32;5,77
356;05/02/2024;16:50:55;53,9;8,6;0,889;58,32;5,78
357;05/02/2024;16:50:56;54,2;8,5;0,892;58,32;5,8
358;05/02/2024;16:50:57;54,4;8,5;0,893;58,32;5,82
359;05/02/2024;16:50:58;54,6;8,5;0,895;58,68;5,83
360;05/02/2024;16:50:59;54,9;8,6;0,898;58,68;5,85
361;05/02/2024;16:51:00;54,6;8,6;0,895;58,68;5,87
362;05/02/2024;16:51:01;55;8,6;0,898;58,68;5,88
363;05/02/2024;16:51:02;55,2;8,6;0,9;59,04;5,9
364;05/02/2024;16:51:03;55;8,6;0,898;58,68;5,92
365;05/02/2024;16:51:04;54,7;8,6;0,896;58,68;5,93
366;05/02/2024;16:51:05;54,9;8,6;0,898;58,68;5,95
367;05/02/2024;16:51:06;54;8,6;0,89;58,32;5,96
368;05/02/2024;16:51:07;54,2;8,6;0,892;58,32;5,98
369;05/02/2024;16:51:08;54,6;8,6;0,895;58,68;6
370;05/02/2024;16:51:09;54,8;8,6;0,897;58,68;6,01
371;05/02/2024;16:51:10;55,2;8,6;0,9;59,04;6,03
372;05/02/2024;16:51:11;55,4;8,6;0,902;59,04;6,05
373;05/02/2024;16:51:12;54,8;8,6;0,897;58,68;6,06
374;05/02/2024;16:51:13;54,9;8,6;0,898;58,68;6,08
375;05/02/2024;16:51:14;54,8;8,6;0,897;58,68;6,09
376;05/02/2024;16:51:15;54,8;8,6;0,897;58,68;6,11
377;05/02/2024;16:51:16;54,6;8,5;0,895;58,68;6,13
378;05/02/2024;16:51:17;54,8;8,6;0,897;58,68;6,14
379;05/02/2024;16:51:18;54,5;8,6;0,894;58,68;6,16
380;05/02/2024;16:51:19;54,4;8,6;0,893;58,32;6,18
381;05/02/2024;16:51:20;54,4;8,5;0,893;58,32;6,19
382;05/02/2024;16:51:21;54,3;8,6;0,893;58,32;6,21
383;05/02/2024;16:51:22;54,4;8,6;0,893;58,32;6,22
384;05/02/2024;16:51:23;54,1;8,6;0,891;58,32;6,24
385;05/02/2024;16:51:24;53,9;8,6;0,889;58,32;6,26
386;05/02/2024;16:51:25;54,3;8,6;0,893;58,32;6,27
387;05/02/2024;16:51:26;53,9;8,6;0,889;58,32;6,29
388;05/02/2024;16:51:27;53,7;8,6;0,888;57,96;6,31
389;05/02/2024;16:51:28;53,3;8,6;0,884;57,96;6,32
390;05/02/2024;16:51:29;53,2;8,6;0,884;57,96;6,34
391;05/02/2024;16:51:30;53,4;8,6;0,885;57,96;6,35
392;05/02/2024;16:51:31;53,8;8,6;0,889;57,96;6,37
393;05/02/2024;16:51:32;53,8;8,6;0,889;57,96;6,39
394;05/02/2024;16:51:33;54,1;8,6;0,891;58,32;6,4
395;05/02/2024;16:51:34;54,2;8,6;0,892;58,32;6,42
396;05/02/2024;16:51:35;53,9;8,7;0,889;58,32;6,43
397;05/02/2024;16:51:36;54;8,7;0,89;58,32;6,45
398;05/02/2024;16:51:37;54,1;8,6;0,891;58,32;6,47
399;05/02/2024;16:51:38;54,1;8,6;0,891;58,32;6,48
400;05/02/2024;16:51:39;54;8,6;0,89;58,32;6,5
401;05/02/2024;16:51:40;53,7;8,6;0,888;57,96;6,52
402;05/02/2024;16:51:41;53,7;8,6;0,888;57,96;6,53
403;05/02/2024;16:51:42;54,1;8,6;0,891;58,32;6,55
404;05/02/2024;16:51:43;54,1;8,6;0,891;58,32;6,56
405;05/02/2024;16:51:44;54,5;8,6;0,894;58,68;6,58
406;05/02/2024;16:51:45;54,5;8,7;0,894;58,68;6,6
407;05/02/2024;16:51:46;54,8;8,7;0,897;58,68;6,61
408;05/02/2024;16:51:47;55,2;8,6;0,9;59,04;6,63
409;05/02/2024;16:51:48;55,4;8,6;0,902;59,04;6,65
410;05/02/2024;16:51:49;55,8;8,6;0,905;59,04;6,66
411;05/02/2024;16:51:50;55,8;8,6;0,905;59,04;6,68
412;05/02/2024;16:51:51;55,5;8,6;0,902;59,04;6,69
413;05/02/2024;16:51:52;55,5;8,6;0,902;59,04;6,71
414;05/02/2024;16:51:53;55,5;8,6;0,902;59,04;6,73
415;05/02/2024;16:51:54;55,2;8,6;0,9;59,04;6,74
416;05/02/2024;16:51:55;55;8,6;0,898;58,68;6,76
417;05/02/2024;16:51:56;54,9;8,6;0,898;58,68;6,78
418;05/02/2024;16:51:57;55;8,6;0,898;58,68;6,79
419;05/02/2024;16:51:58;54,9;8,6;0,898;58,68;6,81
420;05/02/2024;16:51:59;55,1;8,6;0,899;58,68;6,83
421;05/02/2024;16:52:00;54,8;8,6;0,897;58,68;6,84
422;05/02/2024;16:52:01;54,8;8,7;0,897;58,68;6,86
423;05/02/2024;16:52:02;54,6;8,6;0,895;58,68;6,87
424;05/02/2024;16:52:03;54,6;8,6;0,895;58,68;6,89
425;05/02/2024;16:52:04;54,5;8,6;0,894;58,68;6,91
426;05/02/2024;16:52:05;54,6;8,7;0,895;58,68;6,92
427;05/02/2024;16:52:06;54,7;8,6;0,896;58,68;6,94
428;05/02/2024;16:52:07;54,8;8,6;0,897;58,68;6,96
429;05/02/2024;16:52:08;54,5;8,6;0,894;58,68;6,97
430;05/02/2024;16:52:09;54,5;8,6;0,894;58,68;6,99
431;05/02/2024;16:52:10;54,5;8,6;0,894;58,68;7
432;05/02/2024;16:52:11;54,5;8,6;0,894;58,68;7,02
433;05/02/2024;16:52:12;54,9;8,7;0,898;58,68;7,04
434;05/02/2024;16:52:13;54,5;8,6;0,894;58,68;7,05
435;05/02/2024;16:52:14;54,1;8,6;0,891;58,32;7,07
436;05/02/2024;16:52:15;54,6;8,7;0,895;58,68;7,09
437;05/02/2024;16:52:16;54,6;8,6;0,895;58,68;7,1
438;05/02/2024;16:52:17;55,4;8,6;0,902;59,04;7,12
439;05/02/2024;16:52:18;55;8,6;0,898;58,68;7,14
440;05/02/2024;16:52:19;55,3;8,7;0,901;59,04;7,15
441;05/02/2024;16:52:20;56;8,6;0,907;59,4;7,17
442;05/02/2024;16:52:21;55,3;8,6;0,901;59,04;7,18
443;05/02/2024;16:52:22;55,2;8,7;0,9;59,04;7,2
444;05/02/2024;16:52:23;55,3;8,6;0,901;59,04;7,22
445;05/02/2024;16:52:24;55,2;8,6;0,9;59,04;7,23
446;05/02/2024;16:52:25;54,6;8,6;0,895;58,68;7,25
447;05/02/2024;16:52:26;54,8;8,6;0,897;58,68;7,27
448;05/02/2024;16:52:27;54,7;8,6;0,896;58,68;7,28
449;05/02/2024;16:52:28;54,6;8,7;0,895;58,68;7,3
450;05/02/2024;16:52:29;54,3;8,6;0,893;58,32;7,32
451;05/02/2024;16:52:30;54,5;8,6;0,894;58,68;7,33
452;05/02/2024;16:52:31;54,7;8,6;0,896;58,68;7,35
453;05/02/2024;16:52:32;54,8;8,6;0,897;58,68;7,36
454;05/02/2024;16:52:33;54,7;8,6;0,896;58,68;7,38
455;05/02/2024;16:52:34;55,1;8,7;0,899;58,68;7,4
456;05/02/2024;16:52:35;55;8,6;0,898;58,68;7,41
457;05/02/2024;16:52:36;54,8;8,6;0,897;58,68;7,43
458;05/02/2024;16:52:37;54,9;8,6;0,898;58,68;7,45
459;05/02/2024;16:52:38;54,9;8,6;0,898;58,68;7,46
460;05/02/2024;16:52:39;54,6;8,6;0,895;58,68;7,48
461;05/02/2024;16:52:40;54,5;8,6;0,894;58,68;7,49
462;05/02/2024;16:52:41;54,9;8,7;0,898;58,68;7,51
463;05/02/2024;16:52:42;54,8;8,6;0,897;58,68;7,53
464;05/02/2024;16:52:43;55,2;8,6;0,9;59,04;7,54
465;05/02/2024;16:52:44;55,3;8,6;0,901;59,04;7,56
466;05/02/2024;16:52:45;55,4;8,6;0,902;59,04;7,58
467;05/02/2024;16:52:46;55,2;8,6;0,9;59,04;7,59
468;05/02/2024;16:52:47;54,8;8,7;0,897;58,68;7,61
469;05/02/2024;16:52:48;54,6;8,6;0,895;58,68;7,63
470;05/02/2024;16:52:49;54;8,7;0,89;58,32;7,64
471;05/02/2024;16:52:50;54,6;8,6;0,895;58,68;7,66
472;05/02/2024;16:52:51;54,9;8,6;0,898;58,68;7,67
473;05/02/2024;16:52:52;55;8,6;0,898;58,68;7,69
474;05/02/2024;16:52:53;55,5;8,6;0,902;59,04;7,71
475;05/02/2024;16:52:54;55;8,6;0,898;58,68;7,72
476;05/02/2024;16:52:55;55,2;8,6;0,9;59,04;7,74
477;05/02/2024;16:52:56;55,7;8,7;0,904;59,04;7,76
478;05/02/2024;16:52:57;56;8,7;0,907;59,4;7,77
479;05/02/2024;16:52:58;56,1;8,6;0,907;59,4;7,79
480;05/02/2024;16:52:59;56;8,6;0,907;59,4;7,81
481;05/02/2024;16:53:00;55,8;8,6;0,905;59,04;7,82
482;05/02/2024;16:53:01;55,6;8,6;0,903;59,04;7,84
483;05/02/2024;16:53:02;55,9;8,7;0,906;59,4;7,85
484;05/02/2024;16:53:03;56,3;8,6;0,909;59,4;7,87
485;05/02/2024;16:53:04;56,2;8,6;0,908;59,4;7,89
486;05/02/2024;16:53:05;55,8;8,6;0,905;59,04;7,9
487;05/02/2024;16:53:06;55,7;8,6;0,904;59,04;7,92
488;05/02/2024;16:53:07;55,7;8,6;0,904;59,04;7,94
489;05/02/2024;16:53:08;55,1;8,7;0,899;58,68;7,95
490;05/02/2024;16:53:09;54,9;8,7;0,898;58,68;7,97
491;05/02/2024;16:53:10;54,6;8,6;0,895;58,68;7,99
492;05/02/2024;16:53:11;54,9;8,6;0,898;58,68;8
493;05/02/2024;16:53:12;54,9;8,7;0,898;58,68;8,02
494;05/02/2024;16:53:13;54,9;8,6;0,898;58,68;8,03
495;05/02/2024;16:53:14;55;8,7;0,898;58,68;8,05
496;05/02/2024;16:53:15;54,8;8,6;0,897;58,68;8,07
497;05/02/2024;16:53:16;55,3;8,6;0,901;59,04;8,08
498;05/02/2024;16:53:17;55,2;8,7;0,9;59,04;8,1
499;05/02/2024;16:53:18;55,1;8,7;0,899;58,68;8,12
500;05/02/2024;16:53:19;55,1;8,7;0,899;58,68;8,13
501;05/02/2024;16:53:20;54,9;8,7;0,898;58,68;8,15
502;05/02/2024;16:53:21;55,1;8,6;0,899;58,68;8,17
503;05/02/2024;16:53:22;55,3;8,7;0,901;59,04;8,18
504;05/02/2024;16:53:23;55;8,7;0,898;58,68;8,2
505;05/02/2024;16:53:24;55,3;8,7;0,901;59,04;8,21
506;05/02/2024;16:53:25;54,9;8,7;0,898;58,68;8,23
507;05/02/2024;16:53:26;55;8,7;0,898;58,68;8,25
508;05/02/2024;16:53:27;55,5;8,7;0,902;59,04;8,26
509;05/02/2024;16:53:28;55,3;8,7;0,901;59,04;8,28
510;05/02/2024;16:53:29;55,3;8,7;0,901;59,04;8,3
511;05/02/2024;16:53:30;55,1;8,7;0,899;58,68;8,31
512;05/02/2024;16:53:31;54,7;8,6;0,896;58,68;8,33
513;05/02/2024;16:53:32;55,2;8,7;0,9;59,04;8,34
514;05/02/2024;16:53:33;55,1;8,7;0,899;58,68;8,36
515;05/02/2024;16:53:34;55,3;8,7;0,901;59,04;8,38
516;05/02/2024;16:53:35;55,1;8,7;0,899;58,68;8,39
517;05/02/2024;16:53:36;54,9;8,7;0,898;58,68;8,41
518;05/02/2024;16:53:37;55;8,7;0,898;58,68;8,43
519;05/02/2024;16:53:38;55,1;8,7;0,899;58,68;8,44
520;05/02/2024;16:53:39;54,8;8,7;0,897;58,68;8,46
521;05/02/2024;16:53:40;54,4;8,7;0,893;58,32;8,48
522;05/02/2024;16:53:41;54,3;8,7;0,893;58,32;8,49
523;05/02/2024;16:53:42;54,7;8,7;0,896;58,68;8,51
524;05/02/2024;16:53:43;54,9;8,7;0,898;58,68;8,52
525;05/02/2024;16:53:44;55,2;8,7;0,9;59,04;8,54
526;05/02/2024;16:53:45;55,1;8,7;0,899;58,68;8,56
527;05/02/2024;16:53:46;54,9;8,7;0,898;58,68;8,57
528;05/02/2024;16:53:47;54,6;8,7;0,895;58,68;8,59
529;05/02/2024;16:53:48;54,7;8,7;0,896;58,68;8,61
530;05/02/2024;16:53:49;54,6;8,7;0,895;58,68;8,62
531;05/02/2024;16:53:50;54,7;8,7;0,896;58,68;8,64
532;05/02/2024;16:53:51;54,8;8,7;0,897;58,68;8,65
533;05/02/2024;16:53:52;55,4;8,7;0,902;59,04;8,67
534;05/02/2024;16:53:53;55,7;8,7;0,904;59,04;8,69
535;05/02/2024;16:53:54;56,1;8,7;0,907;59,4;8,7
536;05/02/2024;16:53:55;55,9;8,7;0,906;59,4;8,72
537;05/02/2024;16:53:56;56;8,7;0,907;59,4;8,74
538;05/02/2024;16:53:57;56,1;8,7;0,907;59,4;8,75
539;05/02/2024;16:53:58;56,1;8,6;0,907;59,4;8,77
540;05/02/2024;16:53:59;56,4;8,6;0,91;59,4;8,79
541;05/02/2024;16:54:00;56,5;8,7;0,911;59,4;8,8
542;05/02/2024;16:54:01;56,3;8,7;0,909;59,4;8,82
543;05/02/2024;16:54:02;56,1;8,6;0,907;59,4;8,84
544;05/02/2024;16:54:03;55,8;8,7;0,905;59,04;8,85
545;05/02/2024;16:54:04;55,6;8,7;0,903;59,04;8,87
546;05/02/2024;16:54:05;55,2;8,7;0,9;59,04;8,89
547;05/02/2024;16:54:06;54,9;8,7;0,898;58,68;8,9
548;05/02/2024;16:54:07;55,1;8,6;0,899;58,68;8,92
549;05/02/2024;16:54:08;55,3;8,7;0,901;59,04;8,93
550;05/02/2024;16:54:09;55,5;8,6;0,902;59,04;8,95
551;05/02/2024;16:54:10;55,4;8,6;0,902;59,04;8,97
552;05/02/2024;16:54:11;55,5;8,6;0,902;59,04;8,98
553;05/02/2024;16:54:12;55,6;8,7;0,903;59,04;9
554;05/02/2024;16:54:13;54,9;8,6;0,898;58,68;9,02
555;05/02/2024;16:54:14;55,2;8,7;0,9;59,04;9,03
556;05/02/2024;16:54:15;55;8,6;0,898;58,68;9,05
557;05/02/2024;16:54:16;55,2;8,6;0,9;59,04;9,07
558;05/02/2024;16:54:17;55;8,7;0,898;58,68;9,08
559;05/02/2024;16:54:18;55;8,7;0,898;58,68;9,1
560;05/02/2024;16:54:19;55,5;8,6;0,902;59,04;9,11
561;05/02/2024;16:54:20;56,1;8,6;0,907;59,4;9,13
562;05/02/2024;16:54:21;56,1;8,6;0,907;59,4;9,15
563;05/02/2024;16:54:22;56,1;8,6;0,907;59,4;9,16
564;05/02/2024;16:54:23;56,4;8,7;0,91;59,4;9,18
565;05/02/2024;16:54:24;56,4;8,6;0,91;59,4;9,2
566;05/02/2024;16:54:25;56;8,6;0,907;59,4;9,21
567;05/02/2024;16:54:26;55,9;8,6;0,906;59,4;9,23
568;05/02/2024;16:54:27;55,6;8,7;0,903;59,04;9,25
569;05/02/2024;16:54:28;55,7;8,6;0,904;59,04;9,26
570;05/02/2024;16:54:29;55,6;8,6;0,903;59,04;9,28
571;05/02/2024;16:54:30;55,5;8,6;0,902;59,04;9,3
572;05/02/2024;16:54:31;55,2;8,6;0,9;59,04;9,31
573;05/02/2024;16:54:32;55,1;8,6;0,899;58,68;9,33
574;05/02/2024;16:54:33;54,9;8,6;0,898;58,68;9,34
575;05/02/2024;16:54:34;54,8;8,6;0,897;58,68;9,36
576;05/02/2024;16:54:35;54,1;8,6;0,891;58,32;9,38
577;05/02/2024;16:54:36;54;8,6;0,89;58,32;9,39
578;05/02/2024;16:54:37;54,6;8,6;0,895;58,68;9,41
579;05/02/2024;16:54:38;54,6;8,5;0,895;58,68;9,43
580;05/02/2024;16:54:39;54,9;8,5;0,898;58,68;9,44
581;05/02/2024;16:54:40;54,8;8,6;0,897;58,68;9,46
582;05/02/2024;16:54:41;54,9;8,6;0,898;58,68;9,47
583;05/02/2024;16:54:42;54,7;8,6;0,896;58,68;9,49
584;05/02/2024;16:54:43;55;8,5;0,898;58,68;9,51
585;05/02/2024;16:54:44;55,6;8,5;0,903;59,04;9,52
586;05/02/2024;16:54:45;55,6;8,6;0,903;59,04;9,54
587;05/02/2024;16:54:46;55,6;8,6;0,903;59,04;9,56
588;05/02/2024;16:54:47;55,6;8,6;0,903;59,04;9,57
589;05/02/2024;16:54:48;55,4;8,6;0,902;59,04;9,59
590;05/02/2024;16:54:49;55,8;8,6;0,905;59,04;9,61
591;05/02/2024;16:54:50;55,5;8,6;0,902;59,04;9,62
592;05/02/2024;16:54:51;55,5;8,6;0,902;59,04;9,64
593;05/02/2024;16:54:52;55,6;8,6;0,903;59,04;9,65
594;05/02/2024;16:54:53;55,7;8,6;0,904;59,04;9,67
595;05/02/2024;16:54:54;55,7;8,6;0,904;59,04;9,69
596;05/02/2024;16:54:55;55,8;8,6;0,905;59,04;9,7
597;05/02/2024;16:54:56;55,8;8,6;0,905;59,04;9,72
598;05/02/2024;16:54:57;55,4;8,6;0,902;59,04;9,74
599;05/02/2024;16:54:58;55,1;8,6;0,899;58,68;9,75
600;05/02/2024;16:54:59;55;8,6;0,898;58,68;9,77
601;05/02/2024;16:55:00;54,8;8,6;0,897;58,68;9,79
602;05/02/2024;16:55:01;54,6;8,6;0,895;58,68;9,8
603;05/02/2024;16:55:02;54,3;8,6;0,893;58,32;9,82
604;05/02/2024;16:55:03;54,5;8,6;0,894;58,68;9,83
605;05/02/2024;16:55:04;54,5;8,6;0,894;58,68;9,85
606;05/02/2024;16:55:05;54,6;8,6;0,895;58,68;9,87
607;05/02/2024;16:55:06;54,8;8,6;0,897;58,68;9,88
608;05/02/2024;16:55:07;54,5;8,6;0,894;58,68;9,9
609;05/02/2024;16:55:08;55,2;8,6;0,9;59,04;9,92
610;05/02/2024;16:55:09;55,1;8,6;0,899;58,68;9,93
611;05/02/2024;16:55:10;55,6;8,6;0,903;59,04;9,95
612;05/02/2024;16:55:11;55,8;8,6;0,905;59,04;9,97
613;05/02/2024;16:55:12;56;8,6;0,907;59,4;9,98
614;05/02/2024;16:55:13;55,9;8,6;0,906;59,4;10
615;05/02/2024;16:55:14;56,1;8,6;0,907;59,4;10,01
616;05/02/2024;16:55:15;56,1;8,6;0,907;59,4;10,03
617;05/02/2024;16:55:16;56,1;8,6;0,907;59,4;10,05
618;05/02/2024;16:55:17;56,3;8,6;0,909;59,4;10,06
619;05/02/2024;16:55:18;56,2;8,6;0,908;59,4;10,08
620;05/02/2024;16:55:19;56,1;8,6;0,907;59,4;10,1
621;05/02/2024;16:55:20;56,1;8,7;0,907;59,4;10,11
622;05/02/2024;16:55:21;55,5;8,6;0,902;59,04;10,13
623;05/02/2024;16:55:22;55,1;8,7;0,899;58,68;10,15
624;05/02/2024;16:55:23;55,1;8,6;0,899;58,68;10,16
625;05/02/2024;16:55:24;55,7;8,7;0,904;59,04;10,18
626;05/02/2024;16:55:25;55,8;8,7;0,905;59,04;10,2
627;05/02/2024;16:55:26;56;8,6;0,907;59,4;10,21
628;05/02/2024;16:55:27;56;8,6;0,907;59,4;10,23
629;05/02/2024;16:55:28;56,2;8,6;0,908;59,4;10,24
630;05/02/2024;16:55:29;56,2;8,6;0,908;59,4;10,26
631;05/02/2024;16:55:30;56,1;8,7;0,907;59,4;10,28
632;05/02/2024;16:55:31;56;8,6;0,907;59,4;10,29
633;05/02/2024;16:55:32;56,1;8,7;0,907;59,4;10,31
634;05/02/2024;16:55:33;55,5;8,7;0,902;59,04;10,33
635;05/02/2024;16:55:34;55,3;8,6;0,901;59,04;10,34
636;05/02/2024;16:55:35;55,1;8,7;0,899;58,68;10,36
637;05/02/2024;16:55:36;55;8,6;0,898;58,68;10,38
638;05/02/2024;16:55:37;54,8;8,7;0,897;58,68;10,39
639;05/02/2024;16:55:38;54,4;8,7;0,893;58,32;10,41
640;05/02/2024;16:55:39;54,6;8,7;0,895;58,68;10,43
641;05/02/2024;16:55:40;54,6;8,7;0,895;58,68;10,44
642;05/02/2024;16:55:41;54,7;8,7;0,896;58,68;10,46
643;05/02/2024;16:55:42;54,5;8,7;0,894;58,68;10,47
644;05/02/2024;16:55:43;54,3;8,6;0,893;58,32;10,49
645;05/02/2024;16:55:44;54,2;8,7;0,892;58,32;10,51
646;05/02/2024;16:55:45;54,5;8,6;0,894;58,68;10,52
647;05/02/2024;16:55:46;54,6;8,7;0,895;58,68;10,54
648;05/02/2024;16:55:47;55,2;8,6;0,9;59,04;10,56
649;05/02/2024;16:55:48;55,2;8,6;0,9;59,04;10,57
650;05/02/2024;16:55:49;55,2;8,6;0,9;59,04;10,59
651;05/02/2024;16:55:50;55;8,6;0,898;58,68;10,6
652;05/02/2024;16:55:51;54,6;8,7;0,895;58,68;10,62
653;05/02/2024;16:55:52;54,6;8,6;0,895;58,68;10,64
654;05/02/2024;16:55:53;54,9;8,6;0,898;58,68;10,65
655;05/02/2024;16:55:54;54,8;8,7;0,897;58,68;10,67
656;05/02/2024;16:55:55;55,1;8,7;0,899;58,68;10,69
657;05/02/2024;16:55:56;55,3;8,6;0,901;59,04;10,7
658;05/02/2024;16:55:57;55,6;8,7;0,903;59,04;10,72
659;05/02/2024;16:55:58;55,6;8,6;0,903;59,04;10,74
660;05/02/2024;16:55:59;55,5;8,6;0,902;59,04;10,75
661;05/02/2024;16:56:00;55,1;8,7;0,899;58,68;10,77
662;05/02/2024;16:56:01;54,6;8,6;0,895;58,68;10,78
663;05/02/2024;16:56:02;54,8;8,7;0,897;58,68;10,8
664;05/02/2024;16:56:03;54,6;8,6;0,895;58,68;10,82
665;05/02/2024;16:56:04;54,4;8,7;0,893;58,32;10,83
666;05/02/2024;16:56:05;54,8;8,7;0,897;58,68;10,85
667;05/02/2024;16:56:06;55,3;8,7;0,901;59,04;10,87
668;05/02/2024;16:56:07;55;8,6;0,898;58,68;10,88
669;05/02/2024;16:56:08;55,4;8,6;0,902;59,04;10,9
670;05/02/2024;16:56:09;55,5;8,6;0,902;59,04;10,91
671;05/02/2024;16:56:10;55,3;8,7;0,901;59,04;10,93
672;05/02/2024;16:56:11;55,4;8,7;0,902;59,04;10,95
673;05/02/2024;16:56:12;55,3;8,6;0,901;59,04;10,96
674;05/02/2024;16:56:13;54,9;8,7;0,898;58,68;10,98
675;05/02/2024;16:56:14;55,5;8,7;0,902;59,04;11
676;05/02/2024;16:56:15;55,8;8,6;0,905;59,04;11,01
677;05/02/2024;16:56:16;55,8;8,7;0,905;59,04;11,03
678;05/02/2024;16:56:17;55,8;8,6;0,905;59,04;11,05
679;05/02/2024;16:56:18;56;8,6;0,907;59,4;11,06
680;05/02/2024;16:56:19;55,8;8,7;0,905;59,04;11,08
681;05/02/2024;16:56:20;55,6;8,6;0,903;59,04;11,1
682;05/02/2024;16:56:21;54,9;8,6;0,898;58,68;11,11
683;05/02/2024;16:56:22;54,2;8,6;0,892;58,32;11,13
684;05/02/2024;16:56:23;54,4;8,6;0,893;58,32;11,14
685;05/02/2024;16:56:24;54,4;8,6;0,893;58,32;11,16
686;05/02/2024;16:56:25;54;8,6;0,89;58,32;11,18
687;05/02/2024;16:56:26;54,2;8,6;0,892;58,32;11,19
688;05/02/2024;16:56:27;54;8,6;0,89;58,32;11,21
689;05/02/2024;16:56:28;54;8,6;0,89;58,32;11,22
690;05/02/2024;16:56:29;54,3;8,6;0,893;58,32;11,24
691;05/02/2024;16:56:30;54,9;8,6;0,898;58,68;11,26
692;05/02/2024;16:56:31;54,7;8,6;0,896;58,68;11,27
693;05/02/2024;16:56:32;54,8;8,6;0,897;58,68;11,29
694;05/02/2024;16:56:33;55;8,6;0,898;58,68;11,31
695;05/02/2024;16:56:34;55;8,6;0,898;58,68;11,32
696;05/02/2024;16:56:35;55,1;8,6;0,899;58,68;11,34
697;05/02/2024;16:56:36;55,1;8,6;0,899;58,68;11,36
698;05/02/2024;16:56:37;55,1;8,7;0,899;58,68;11,37
699;05/02/2024;16:56:38;55,1;8,6;0,899;58,68;11,39
700;05/02/2024;16:56:39;55,4;8,6;0,902;59,04;11,4
701;05/02/2024;16:56:40;55,3;8,6;0,901;59,04;11,42
702;05/02/2024;16:56:41;55,2;8,6;0,9;59,04;11,44
703;05/02/2024;16:56:42;55;8,6;0,898;58,68;11,45
704;05/02/2024;16:56:43;55,1;8,6;0,899;58,68;11,47
705;05/02/2024;16:56:44;55,6;8,6;0,903;59,04;11,49
706;05/02/2024;16:56:45;55,7;8,5;0,904;59,04;11,5
707;05/02/2024;16:56:46;56;8,6;0,907;59,4;11,52
708;05/02/2024;16:56:47;56,4;8,6;0,91;59,4;11,54
709;05/02/2024;16:56:48;56,3;8,6;0,909;59,4;11,55
710;05/02/2024;16:56:49;55,9;8,6;0,906;59,4;11,57
711;05/02/2024;16:56:50;56,1;8,6;0,907;59,4;11,58
712;05/02/2024;16:56:51;55,9;8,6;0,906;59,4;11,6
713;05/02/2024;16:56:52;56,1;8,6;0,907;59,4;11,62
714;05/02/2024;16:56:53;56,4;8,6;0,91;59,4;11,63
715;05/02/2024;16:56:54;56,5;8,6;0,911;59,4;11,65
716;05/02/2024;16:56:55;56,1;8,6;0,907;59,4;11,67
717;05/02/2024;16:56:56;56,1;8,6;0,907;59,4;11,68
718;05/02/2024;16:56:57;56,1;8,6;0,907;59,4;11,7
719;05/02/2024;16:56:58;56,1;8,6;0,907;59,4;11,72
720;05/02/2024;16:56:59;56,1;8,5;0,907;59,4;11,73
721;05/02/2024;16:57:00;56;8,6;0,907;59,4;11,75
722;05/02/2024;16:57:01;55,6;8,6;0,903;59,04;11,77
723;05/02/2024;16:57:02;55,5;8,6;0,902;59,04;11,78
724;05/02/2024;16:57:03;55,3;8,6;0,901;59,04;11,8
725;05/02/2024;16:57:04;55,2;8,6;0,9;59,04;11,82
726;05/02/2024;16:57:05;54,8;8,6;0,897;58,68;11,83
727;05/02/2024;16:57:06;54,9;8,6;0,898;58,68;11,85
728;05/02/2024;16:57:07;55,2;8,6;0,9;59,04;11,86
729;05/02/2024;16:57:08;54,7;8,6;0,896;58,68;11,88
730;05/02/2024;16:57:09;54,4;8,6;0,893;58,32;11,9
731;05/02/2024;16:57:10;54,5;8,6;0,894;58,68;11,91
732;05/02/2024;16:57:11;54,6;8,6;0,895;58,68;11,93
733;05/02/2024;16:57:12;54,3;8,6;0,893;58,32;11,95
734;05/02/2024;16:57:13;54,5;8,7;0,894;58,68;11,96
735;05/02/2024;16:57:14;54,8;8,6;0,897;58,68;11,98
736;05/02/2024;16:57:15;54,3;8,6;0,893;58,32;11,99
737;05/02/2024;16:57:16;54,3;8,6;0,893;58,32;12,01
738;05/02/2024;16:57:17;54,2;8,5;0,892;58,32;12,03
739;05/02/2024;16:57:18;54,2;8,6;0,892;58,32;12,04
740;05/02/2024;16:57:19;54,4;8,5;0,893;58,32;12,06
741;05/02/2024;16:57:20;54,4;8,6;0,893;58,32;12,08
742;05/02/2024;16:57:21;54,3;8,5;0,893;58,32;12,09
743;05/02/2024;16:57:22;54,4;8,6;0,893;58,32;12,11
744;05/02/2024;16:57:23;54,5;8,5;0,894;58,68;12,12
745;05/02/2024;16:57:24;54,8;8,6;0,897;58,68;12,14
746;05/02/2024;16:57:25;54,6;8,5;0,895;58,68;12,16
747;05/02/2024;16:57:26;54,2;8,6;0,892;58,32;12,17
748;05/02/2024;16:57:27;54,3;8,5;0,893;58,32;12,19
749;05/02/2024;16:57:28;54,3;8,5;0,893;58,32;12,21
750;05/02/2024;16:57:29;54,3;8,5;0,893;58,32;12,22
751;05/02/2024;16:57:30;54,5;8,6;0,894;58,68;12,24
752;05/02/2024;16:57:31;54,2;8,6;0,892;58,32;12,25
753;05/02/2024;16:57:32;54;8,6;0,89;58,32;12,27
754;05/02/2024;16:57:33;53,9;8,6;0,889;58,32;12,29
755;05/02/2024;16:57:34;54,2;8,6;0,892;58,32;12,3
756;05/02/2024;16:57:35;54,5;8,5;0,894;58,68;12,32
757;05/02/2024;16:57:36;54,6;8,5;0,895;58,68;12,34
758;05/02/2024;16:57:37;54,7;8,6;0,896;58,68;12,35
759;05/02/2024;16:57:38;54,4;8,6;0,893;58,32;12,37
760;05/02/2024;16:57:39;54;8,6;0,89;58,32;12,38
761;05/02/2024;16:57:40;54;8,6;0,89;58,32;12,4
762;05/02/2024;16:57:41;54;8,6;0,89;58,32;12,42
763;05/02/2024;16:57:42;53,8;8,6;0,889;57,96;12,43
764;05/02/2024;16:57:43;53,9;8,6;0,889;58,32;12,45
765;05/02/2024;16:57:44;53,7;8,5;0,888;57,96;12,47
766;05/02/2024;16:57:45;53,4;8,5;0,885;57,96;12,48
767;05/02/2024;16:57:46;53,6;8,6;0,887;57,96;12,5
768;05/02/2024;16:57:47;53,6;8,5;0,887;57,96;12,51
769;05/02/2024;16:57:48;53,7;8,5;0,888;57,96;12,53
770;05/02/2024;16:57:49;53,7;8,5;0,888;57,96;12,55
771;05/02/2024;16:57:50;54,1;8,5;0,891;58,32;12,56
772;05/02/2024;16:57:51;54,1;8,5;0,891;58,32;12,58
773;05/02/2024;16:57:52;53,7;8,5;0,888;57,96;12,59
774;05/02/2024;16:57:53;53,7;8,5;0,888;57,96;12,61
775;05/02/2024;16:57:54;53,4;8,5;0,885;57,96;12,63
776;05/02/2024;16:57:55;54;8,6;0,89;58,32;12,64
777;05/02/2024;16:57:56;54,1;8,5;0,891;58,32;12,66
778;05/02/2024;16:57:57;54,4;8,5;0,893;58,32;12,67
779;05/02/2024;16:57:58;54,1;8,5;0,891;58,32;12,69
780;05/02/2024;16:57:59;54,3;8,5;0,893;58,32;12,71
781;05/02/2024;16:58:00;54,6;8,5;0,895;58,68;12,72
782;05/02/2024;16:58:01;54,4;8,5;0,893;58,32;12,74
783;05/02/2024;16:58:02;54,2;8,6;0,892;58,32;12,76
784;05/02/2024;16:58:03;54,2;8,6;0,892;58,32;12,77
785;05/02/2024;16:58:04;54,2;8,5;0,892;58,32;12,79
786;05/02/2024;16:58:05;54,5;8,5;0,894;58,68;12,8
787;05/02/2024;16:58:06;54,8;8,6;0,897;58,68;12,82
788;05/02/2024;16:58:07;55,3;8,6;0,901;59,04;12,84
789;05/02/2024;16:58:08;55,8;8,5;0,905;59,04;12,85
790;05/02/2024;16:58:09;55,7;8,6;0,904;59,04;12,87
791;05/02/2024;16:58:10;55,9;8,6;0,906;59,4;12,89
792;05/02/2024;16:58:11;55,5;8,6;0,902;59,04;12,9
793;05/02/2024;16:58:12;55,5;8,6;0,902;59,04;12,92
794;05/02/2024;16:58:13;55,7;8,6;0,904;59,04;12,94
795;05/02/2024;16:58:14;56;8,6;0,907;59,4;12,95
796;05/02/2024;16:58:15;56,2;8,6;0,908;59,4;12,97
797;05/02/2024;16:58:16;55,8;8,6;0,905;59,04;12,98
798;05/02/2024;16:58:17;55,4;8,5;0,902;59,04;13
799;05/02/2024;16:58:18;54,9;8,6;0,898;58,68;13,02
800;05/02/2024;16:58:19;55,1;8,6;0,899;58,68;13,03
801;05/02/2024;16:58:20;55,2;8,6;0,9;59,04;13,05
802;05/02/2024;16:58:21;55,2;8,6;0,9;59,04;13,07
803;05/02/2024;16:58:22;55,4;8,6;0,902;59,04;13,08
804;05/02/2024;16:58:23;55,4;8,7;0,902;59,04;13,1
805;05/02/2024;16:58:24;55,3;8,6;0,901;59,04;13,12
806;05/02/2024;16:58:25;54,8;8,7;0,897;58,68;13,13
807;05/02/2024;16:58:26;54,8;8,6;0,897;58,68;13,15
808;05/02/2024;16:58:27;54,7;8,7;0,896;58,68;13,17
809;05/02/2024;16:58:28;54,9;8,7;0,898;58,68;13,18
810;05/02/2024;16:58:29;55,5;8,7;0,902;59,04;13,2
811;05/02/2024;16:58:30;55,6;8,7;0,903;59,04;13,21
812;05/02/2024;16:58:31;55,5;8,7;0,902;59,04;13,23
813;05/02/2024;16:58:32;55,3;8,7;0,901;59,04;13,25
814;05/02/2024;16:58:33;55;8,7;0,898;58,68;13,26
815;05/02/2024;16:58:34;55,3;8,6;0,901;59,04;13,28
816;05/02/2024;16:58:35;55,4;8,6;0,902;59,04;13,3
817;05/02/2024;16:58:36;55;8,7;0,898;58,68;13,31
818;05/02/2024;16:58:37;54,6;8,7;0,895;58,68;13,33
819;05/02/2024;16:58:38;54,7;8,7;0,896;58,68;13,34
820;05/02/2024;16:58:39;54,9;8,6;0,898;58,68;13,36
821;05/02/2024;16:58:40;54,9;8,7;0,898;58,68;13,38
822;05/02/2024;16:58:41;54,6;8,6;0,895;58,68;13,39
823;05/02/2024;16:58:42;54,6;8,6;0,895;58,68;13,41
824;05/02/2024;16:58:43;54,9;8,7;0,898;58,68;13,43
825;05/02/2024;16:58:44;54,5;8,7;0,894;58,68;13,44
826;05/02/2024;16:58:45;54,1;8,7;0,891;58,32;13,46
827;05/02/2024;16:58:46;54,4;8,7;0,893;58,32;13,48
828;05/02/2024;16:58:47;54,5;8,7;0,894;58,68;13,49
829;05/02/2024;16:58:48;54,3;8,7;0,893;58,32;13,51
830;05/02/2024;16:58:49;53,9;8,7;0,889;58,32;13,52
831;05/02/2024;16:58:50;53,8;8,7;0,889;57,96;13,54
832;05/02/2024;16:58:51;54,2;8,7;0,892;58,32;13,56
833;05/02/2024;16:58:52;54,6;8,7;0,895;58,68;13,57
834;05/02/2024;16:58:53;54,4;8,7;0,893;58,32;13,59
835;05/02/2024;16:58:54;54,6;8,7;0,895;58,68;13,6
836;05/02/2024;16:58:55;54,7;8,7;0,896;58,68;13,62
837;05/02/2024;16:58:56;54,8;8,7;0,897;58,68;13,64
838;05/02/2024;16:58:57;54,7;8,7;0,896;58,68;13,65
839;05/02/2024;16:58:58;54,6;8,7;0,895;58,68;13,67
840;05/02/2024;16:58:59;55;8,7;0,898;58,68;13,69
841;05/02/2024;16:59:00;54,8;8,7;0,897;58,68;13,7
842;05/02/2024;16:59:01;54,8;8,7;0,897;58,68;13,72
843;05/02/2024;16:59:02;55,1;8,7;0,899;58,68;13,74
844;05/02/2024;16:59:03;55;8,7;0,898;58,68;13,75
845;05/02/2024;16:59:04;55,2;8,7;0,9;59,04;13,77
846;05/02/2024;16:59:05;55,2;8,7;0,9;59,04;13,78
847;05/02/2024;16:59:06;55,2;8,7;0,9;59,04;13,8
848;05/02/2024;16:59:07;55,2;8,7;0,9;59,04;13,82
849;05/02/2024;16:59:08;55,3;8,7;0,901;59,04;13,83
850;05/02/2024;16:59:09;54,9;8,7;0,898;58,68;13,85
851;05/02/2024;16:59:10;54,7;8,7;0,896;58,68;13,87
852;05/02/2024;16:59:11;54,9;8,7;0,898;58,68;13,88
853;05/02/2024;16:59:12;54,8;8,7;0,897;58,68;13,9
854;05/02/2024;16:59:13;54,9;8,7;0,898;58,68;13,92
855;05/02/2024;16:59:14;55;8,7;0,898;58,68;13,93
856;05/02/2024;16:59:15;54,8;8,7;0,897;58,68;13,95
857;05/02/2024;16:59:16;54,4;8,7;0,893;58,32;13,96
858;05/02/2024;16:59:17;54,2;8,7;0,892;58,32;13,98
859;05/02/2024;16:59:18;54,5;8,7;0,894;58,68;14
860;05/02/2024;16:59:19;54,4;8,7;0,893;58,32;14,01
861;05/02/2024;16:59:20;54,6;8,7;0,895;58,68;14,03
862;05/02/2024;16:59:21;54,9;8,7;0,898;58,68;14,05
863;05/02/2024;16:59:22;54,9;8,7;0,898;58,68;14,06
864;05/02/2024;16:59:23;55,1;8,7;0,899;58,68;14,08
865;05/02/2024;16:59:24;55;8,8;0,898;58,68;14,09
866;05/02/2024;16:59:25;54,9;8,7;0,898;58,68;14,11
867;05/02/2024;16:59:26;54,7;8,7;0,896;58,68;14,13
868;05/02/2024;16:59:27;54,7;8,7;0,896;58,68;14,14
869;05/02/2024;16:59:28;54;8,8;0,89;58,32;14,16
870;05/02/2024;16:59:29;53,9;8,8;0,889;58,32;14,18
871;05/02/2024;16:59:30;53,8;8,7;0,889;57,96;14,19
872;05/02/2024;16:59:31;53,8;8,7;0,889;57,96;14,21
873;05/02/2024;16:59:32;54,3;8,8;0,893;58,32;14,22
874;05/02/2024;16:59:33;54,8;8,8;0,897;58,68;14,24
875;05/02/2024;16:59:34;54,7;8,7;0,896;58,68;14,26
876;05/02/2024;16:59:35;54,7;8,7;0,896;58,68;14,27
877;05/02/2024;16:59:36;54,5;8,7;0,894;58,68;14,29
878;05/02/2024;16:59:37;54,7;8,8;0,896;58,68;14,31
879;05/02/2024;16:59:38;54,4;8,7;0,893;58,32;14,32
880;05/02/2024;16:59:39;54,2;8,8;0,892;58,32;14,34
881;05/02/2024;16:59:40;53,8;8,7;0,889;57,96;14,35
882;05/02/2024;16:59:41;53,7;8,7;0,888;57,96;14,37
883;05/02/2024;16:59:42;54,4;8,8;0,893;58,32;14,39
884;05/02/2024;16:59:43;54,3;8,8;0,893;58,32;14,4
885;05/02/2024;16:59:44;54;8,7;0,89;58,32;14,42
886;05/02/2024;16:59:45;53,9;8,7;0,889;58,32;14,43
887;05/02/2024;16:59:46;54,4;8,7;0,893;58,32;14,45
888;05/02/2024;16:59:47;54,6;8,7;0,895;58,68;14,47
889;05/02/2024;16:59:48;55;8,7;0,898;58,68;14,48
890;05/02/2024;16:59:49;55,4;8,7;0,902;59,04;14,5
891;05/02/2024;16:59:50;55,4;8,7;0,902;59,04;14,52
892;05/02/2024;16:59:51;55,2;8,7;0,9;59,04;14,53
893;05/02/2024;16:59:52;55,4;8,7;0,902;59,04;14,55
894;05/02/2024;16:59:53;55,9;8,7;0,906;59,4;14,57
895;05/02/2024;16:59:54;56,2;8,7;0,908;59,4;14,58
896;05/02/2024;16:59:55;56;8,7;0,907;59,4;14,6
897;05/02/2024;16:59:56;56;8,7;0,907;59,4;14,61
898;05/02/2024;16:59:57;56,1;8,8;0,907;59,4;14,63
899;05/02/2024;16:59:58;56,5;8,7;0,911;59,4;14,65
900;05/02/2024;16:59:59;56,5;8,7;0,911;59,4;14,66
901;05/02/2024;17:00:00;56,6;8,6;0,911;59,76;14,68
902;05/02/2024;17:00:01;56,9;8,6;0,914;59,76;14,7
903;05/02/2024;17:00:02;56,7;8,6;0,912;59,76;14,71
904;05/02/2024;17:00:03;56,5;8,7;0,911;59,4;14,73
905;05/02/2024;17:00:04;56,1;8,7;0,907;59,4;14,75
906;05/02/2024;17:00:05;56,4;8,6;0,91;59,4;14,76
907;05/02/2024;17:00:06;56,4;8,7;0,91;59,4;14,78
908;05/02/2024;17:00:07;56,6;8,7;0,911;59,76;14,8
909;05/02/2024;17:00:08;56,1;8,6;0,907;59,4;14,81
910;05/02/2024;17:00:09;55,8;8,6;0,905;59,04;14,83
911;05/02/2024;17:00:10;55,7;8,6;0,904;59,04;14,85
912;05/02/2024;17:00:11;56;8,7;0,907;59,4;14,86
913;05/02/2024;17:00:12;56;8,7;0,907;59,4;14,88
914;05/02/2024;17:00:13;55,5;8,6;0,902;59,04;14,9
915;05/02/2024;17:00:14;55,8;8,6;0,905;59,04;14,91
916;05/02/2024;17:00:15;56;8,7;0,907;59,4;14,93
917;05/02/2024;17:00:16;55,9;8,7;0,906;59,4;14,94
918;05/02/2024;17:00:17;55,8;8,7;0,905;59,04;14,96
919;05/02/2024;17:00:18;55,8;8,7;0,905;59,04;14,98
920;05/02/2024;17:00:19;56;8,7;0,907;59,4;14,99
921;05/02/2024;17:00:20;55,7;8,7;0,904;59,04;15,01
922;05/02/2024;17:00:21;55,7;8,6;0,904;59,04;15,03
923;05/02/2024;17:00:22;55,4;8,7;0,902;59,04;15,04
924;05/02/2024;17:00:23;55,4;8,7;0,902;59,04;15,06
925;05/02/2024;17:00:24;56,1;8,6;0,907;59,4;15,08
926;05/02/2024;17:00:25;56,1;8,6;0,907;59,4;15,09
927;05/02/2024;17:00:26;55,8;8,7;0,905;59,04;15,11
928;05/02/2024;17:00:27;55,4;8,7;0,902;59,04;15,13
929;05/02/2024;17:00:28;55,2;8,7;0,9;59,04;15,14
930;05/02/2024;17:00:29;55,6;8,7;0,903;59,04;15,16
931;05/02/2024;17:00:30;55,4;8,7;0,902;59,04;15,17
932;05/02/2024;17:00:31;55,6;8,7;0,903;59,04;15,19
933;05/02/2024;17:00:32;55,3;8,6;0,901;59,04;15,21
934;05/02/2024;17:00:33;55,3;8,6;0,901;59,04;15,22
935;05/02/2024;17:00:34;55,4;8,6;0,902;59,04;15,24
936;05/02/2024;17:00:35;55,5;8,6;0,902;59,04;15,26
937;05/02/2024;17:00:36;56,9;8,7;0,914;59,76;15,27
938;05/02/2024;17:00:37;57;8,6;0,915;59,76;15,29
939;05/02/2024;17:00:38;57;8,6;0,915;59,76;15,31
940;05/02/2024;17:00:39;56,8;8,7;0,913;59,76;15,32
941;05/02/2024;17:00:40;56,5;8,7;0,911;59,4;15,34
942;05/02/2024;17:00:41;56;8,7;0,907;59,4;15,36
943;05/02/2024;17:00:42;56,1;8,6;0,907;59,4;15,37
944;05/02/2024;17:00:43;56;8,5;0,907;59,4;15,39
945;05/02/2024;17:00:44;44,4;8,6;0,807;52,92;15,41
946;05/02/2024;17:00:45;45,7;8,7;0,819;53,64;15,42
947;05/02/2024;17:00:46;47;8,6;0,831;54,36;15,44
948;05/02/2024;17:00:47;46,7;8,6;0,828;54;15,45
949;05/02/2024;17:00:48;48,2;8,6;0,841;55,08;15,47
950;05/02/2024;17:00:49;49,3;8,7;0,851;55,8;15,48
951;05/02/2024;17:00:50;49,9;8,7;0,856;55,8;15,5
952;05/02/2024;17:00:51;50,1;8,6;0,857;56,16;15,51
953;05/02/2024;17:00:52;50;8,7;0,857;56,16;15,53
954;05/02/2024;17:00:53;50,9;8,7;0,864;56,52;15,54
955;05/02/2024;17:00:54;51,8;8,6;0,872;56,88;15,56
956;05/02/2024;17:00:55;52,2;8,6;0,875;57,24;15,57
957;05/02/2024;17:00:56;52,7;8,7;0,879;57,6;15,59
958;05/02/2024;17:00:57;53,5;8,6;0,886;57,96;15,61
959;05/02/2024;17:00:58;53,7;8,6;0,888;57,96;15,62
960;05/02/2024;17:00:59;54,3;8,7;0,893;58,32;15,64
961;05/02/2024;17:01:00;54,3;8,7;0,893;58,32;15,65
962;05/02/2024;17:01:01;54,3;8,7;0,893;58,32;15,67
963;05/02/2024;17:01:02;53,7;8,6;0,888;57,96;15,69
964;05/02/2024;17:01:03;53,5;8,7;0,886;57,96;15,7
965;05/02/2024;17:01:04;53,6;8,7;0,887;57,96;15,72
966;05/02/2024;17:01:05;54,1;8,7;0,891;58,32;15,74
967;05/02/2024;17:01:06;54;8,7;0,89;58,32;15,75
968;05/02/2024;17:01:07;54,1;8,7;0,891;58,32;15,77
969;05/02/2024;17:01:08;54,2;8,6;0,892;58,32;15,78
970;05/02/2024;17:01:09;54;8,7;0,89;58,32;15,8
971;05/02/2024;17:01:10;53,6;8,7;0,887;57,96;15,82
972;05/02/2024;17:01:11;53,9;8,7;0,889;58,32;15,83
973;05/02/2024;17:01:12;54,3;8,7;0,893;58,32;15,85
974;05/02/2024;17:01:13;54,7;8,6;0,896;58,68;15,86
975;05/02/2024;17:01:14;54,6;8,7;0,895;58,68;15,88
976;05/02/2024;17:01:15;54,5;8,7;0,894;58,68;15,9
977;05/02/2024;17:01:16;54,8;8,6;0,897;58,68;15,91
978;05/02/2024;17:01:17;55;8,7;0,898;58,68;15,93
979;05/02/2024;17:01:18;55,9;8,6;0,906;59,4;15,95
980;05/02/2024;17:01:19;55,4;8,6;0,902;59,04;15,96
981;05/02/2024;17:01:20;57,5;8,6;0,919;60,12;15,98
982;05/02/2024;17:01:21;58;8,6;0,923;60,48;16
983;05/02/2024;17:01:22;57,4;8,6;0,918;60,12;16,01
984;05/02/2024;17:01:23;57,2;8,6;0,916;59,76;16,03
985;05/02/2024;17:01:24;56,1;8,6;0,907;59,4;16,05
986;05/02/2024;17:01:25;56,5;8,6;0,911;59,4;16,06
987;05/02/2024;17:01:26;56,1;8,6;0,907;59,4;16,08
988;05/02/2024;17:01:27;55,6;8,6;0,903;59,04;16,1
989;05/02/2024;17:01:28;55,2;8,6;0,9;59,04;16,11
990;05/02/2024;17:01:29;55,1;8,6;0,899;58,68;16,13
991;05/02/2024;17:01:30;55,3;8,6;0,901;59,04;16,14
992;05/02/2024;17:01:31;55,2;8,6;0,9;59,04;16,16
993;05/02/2024;17:01:32;55,1;8,6;0,899;58,68;16,18
994;05/02/2024;17:01:33;55,2;8,6;0,9;59,04;16,19
995;05/02/2024;17:01:34;55;8,6;0,898;58,68;16,21
996;05/02/2024;17:01:35;55,1;8,6;0,899;58,68;16,23
997;05/02/2024;17:01:36;54,7;8,6;0,896;58,68;16,24
998;05/02/2024;17:01:37;54,5;8,6;0,894;58,68;16,26
999;05/02/2024;17:01:38;54,5;8,6;0,894;58,68;16,28
1000;05/02/2024;17:01:39;54,1;8,6;0,891;58,32;16,29
1001;05/02/2024;17:01:40;53,9;8,6;0,889;58,32;16,31
1002;05/02/2024;17:01:41;53,9;8,6;0,889;58,32;16,32
1003;05/02/2024;17:01:42;54,3;8,6;0,893;58,32;16,34
1004;05/02/2024;17:01:43;54,4;8,6;0,893;58,32;16,36
1005;05/02/2024;17:01:44;55;8,6;0,898;58,68;16,37
1006;05/02/2024;17:01:45;55;8,6;0,898;58,68;16,39
1007;05/02/2024;17:01:46;54,7;8,5;0,896;58,68;16,41
1008;05/02/2024;17:01:47;54,9;8,6;0,898;58,68;16,42
1009;05/02/2024;17:01:48;54,9;8,5;0,898;58,68;16,44
1010;05/02/2024;17:01:49;54,5;8,6;0,894;58,68;16,45
1011;05/02/2024;17:01:50;54,5;8,6;0,894;58,68;16,47
1012;05/02/2024;17:01:51;54,6;8,5;0,895;58,68;16,49
1013;05/02/2024;17:01:52;54,3;8,6;0,893;58,32;16,5
1014;05/02/2024;17:01:53;54,7;8,5;0,896;58,68;16,52
1015;05/02/2024;17:01:54;54,4;8,6;0,893;58,32;16,54
1016;05/02/2024;17:01:55;54;8,6;0,89;58,32;16,55
1017;05/02/2024;17:01:56;54,2;8,6;0,892;58,32;16,57
1018;05/02/2024;17:01:57;54,4;8,6;0,893;58,32;16,58
1019;05/02/2024;17:01:58;54,5;8,6;0,894;58,68;16,6
1020;05/02/2024;17:01:59;55,2;8,6;0,9;59,04;16,62
1021;05/02/2024;17:02:00;55,3;8,6;0,901;59,04;16,63
1022;05/02/2024;17:02:01;55,3;8,6;0,901;59,04;16,65
1023;05/02/2024;17:02:02;55,3;8,6;0,901;59,04;16,67
1024;05/02/2024;17:02:03;55,5;8,6;0,902;59,04;16,68
1025;05/02/2024;17:02:04;55,3;8,6;0,901;59,04;16,7
1026;05/02/2024;17:02:05;55,3;8,6;0,901;59,04;16,72
1027;05/02/2024;17:02:06;55,5;8,6;0,902;59,04;16,73
1028;05/02/2024;17:02:07;56;8,6;0,907;59,4;16,75
1029;05/02/2024;17:02:08;56;8,6;0,907;59,4;16,76
1030;05/02/2024;17:02:09;56,1;8,7;0,907;59,4;16,78
1031;05/02/2024;17:02:10;56,4;8,6;0,91;59,4;16,8
1032;05/02/2024;17:02:11;56,3;8,5;0,909;59,4;16,81
1033;05/02/2024;17:02:12;56;8,5;0,907;59,4;16,83
1034;05/02/2024;17:02:13;56,4;8,6;0,91;59,4;16,85
1035;05/02/2024;17:02:14;56,5;8,5;0,911;59,4;16,86
1036;05/02/2024;17:02:15;56,4;8,6;0,91;59,4;16,88
1037;05/02/2024;17:02:16;56,3;8,6;0,909;59,4;16,9
1038;05/02/2024;17:02:17;55,9;8,5;0,906;59,4;16,91
1039;05/02/2024;17:02:18;55,4;8,5;0,902;59,04;16,93
1040;05/02/2024;17:02:19;55;8,6;0,898;58,68;16,95
1041;05/02/2024;17:02:20;55,3;8,6;0,901;59,04;16,96
1042;05/02/2024;17:02:21;55,7;8,5;0,904;59,04;16,98
1043;05/02/2024;17:02:22;55,6;8,5;0,903;59,04;16,99
1044;05/02/2024;17:02:23;55,5;8,5;0,902;59,04;17,01
1045;05/02/2024;17:02:24;55,2;8,6;0,9;59,04;17,03
1046;05/02/2024;17:02:25;55,2;8,5;0,9;59,04;17,04
1047;05/02/2024;17:02:26;55,5;8,5;0,902;59,04;17,06
1048;05/02/2024;17:02:27;55,4;8,5;0,902;59,04;17,08
1049;05/02/2024;17:02:28;54,9;8,5;0,898;58,68;17,09
1050;05/02/2024;17:02:29;54,6;8,6;0,895;58,68;17,11
1051;05/02/2024;17:02:30;54,3;8,5;0,893;58,32;17,13
1052;05/02/2024;17:02:31;54,3;8,6;0,893;58,32;17,14
1053;05/02/2024;17:02:32;53,9;8,5;0,889;58,32;17,16
1054;05/02/2024;17:02:33;53,9;8,5;0,889;58,32;17,17
1055;05/02/2024;17:02:34;53,8;8,5;0,889;57,96;17,19
1056;05/02/2024;17:02:35;54,1;8,5;0,891;58,32;17,21
1057;05/02/2024;17:02:36;54,2;8,5;0,892;58,32;17,22
1058;05/02/2024;17:02:37;54,5;8,6;0,894;58,68;17,24
1059;05/02/2024;17:02:38;54,7;8,5;0,896;58,68;17,26
1060;05/02/2024;17:02:39;54,6;8,6;0,895;58,68;17,27
1061;05/02/2024;17:02:40;54,3;8,6;0,893;58,32;17,29
1062;05/02/2024;17:02:41;54,3;8,5;0,893;58,32;17,3
1063;05/02/2024;17:02:42;54,6;8,6;0,895;58,68;17,32
1064;05/02/2024;17:02:43;54,5;8,5;0,894;58,68;17,34
1065;05/02/2024;17:02:44;54,2;8,5;0,892;58,32;17,35
1066;05/02/2024;17:02:45;54,4;8,6;0,893;58,32;17,37
1067;05/02/2024;17:02:46;54,8;8,6;0,897;58,68;17,39
1068;05/02/2024;17:02:47;54,6;8,6;0,895;58,68;17,4
1069;05/02/2024;17:02:48;54,6;8,5;0,895;58,68;17,42
1070;05/02/2024;17:02:49;54,5;8,5;0,894;58,68;17,43
1071;05/02/2024;17:02:50;54,6;8,6;0,895;58,68;17,45
1072;05/02/2024;17:02:51;54,9;8,6;0,898;58,68;17,47
1073;05/02/2024;17:02:52;54,9;8,5;0,898;58,68;17,48
1074;05/02/2024;17:02:53;55,2;8,5;0,9;59,04;17,5
1075;05/02/2024;17:02:54;55,2;8,5;0,9;59,04;17,52
1076;05/02/2024;17:02:55;55,4;8,6;0,902;59,04;17,53
1077;05/02/2024;17:02:56;55,3;8,5;0,901;59,04;17,55
1078;05/02/2024;17:02:57;55,2;8,6;0,9;59,04;17,57
1079;05/02/2024;17:02:58;55,4;8,5;0,902;59,04;17,58
1080;05/02/2024;17:02:59;55,2;8,5;0,9;59,04;17,6
1081;05/02/2024;17:03:00;55,3;8,6;0,901;59,04;17,61
1082;05/02/2024;17:03:01;55,3;8,5;0,901;59,04;17,63
1083;05/02/2024;17:03:02;55,5;8,5;0,902;59,04;17,65
1084;05/02/2024;17:03:03;55,7;8,5;0,904;59,04;17,66
1085;05/02/2024;17:03:04;55,7;8,5;0,904;59,04;17,68
1086;05/02/2024;17:03:05;56;8,5;0,907;59,4;17,7
1087;05/02/2024;17:03:06;55,7;8,5;0,904;59,04;17,71
1088;05/02/2024;17:03:07;55,5;8,5;0,902;59,04;17,73
1089;05/02/2024;17:03:08;55,6;8,5;0,903;59,04;17,75
1090;05/02/2024;17:03:09;55,9;8,5;0,906;59,4;17,76
1091;05/02/2024;17:03:10;56,1;8,5;0,907;59,4;17,78
1092;05/02/2024;17:03:11;56,1;8,5;0,907;59,4;17,8
1093;05/02/2024;17:03:12;56,3;8,6;0,909;59,4;17,81
1094;05/02/2024;17:03:13;56,4;8,5;0,91;59,4;17,83
1095;05/02/2024;17:03:14;56,2;8,5;0,908;59,4;17,84
1096;05/02/2024;17:03:15;56,1;8,5;0,907;59,4;17,86
1097;05/02/2024;17:03:16;55,9;8,5;0,906;59,4;17,88
1098;05/02/2024;17:03:17;56;8,5;0,907;59,4;17,89
1099;05/02/2024;17:03:18;56,6;8,5;0,911;59,76;17,91
1100;05/02/2024;17:03:19;56,8;8,5;0,913;59,76;17,93
1101;05/02/2024;17:03:20;56,6;8,5;0,911;59,76;17,94
1102;05/02/2024;17:03:21;56,1;8,5;0,907;59,4;17,96
1103;05/02/2024;17:03:22;56,3;8,5;0,909;59,4;17,98
1104;05/02/2024;17:03:23;55,6;8,5;0,903;59,04;17,99
1105;05/02/2024;17:03:24;55,5;8,5;0,902;59,04;18,01
1106;05/02/2024;17:03:25;55,1;8,5;0,899;58,68;18,03
1107;05/02/2024;17:03:26;54,9;8,5;0,898;58,68;18,04
1108;05/02/2024;17:03:27;54,9;8,5;0,898;58,68;18,06
1109;05/02/2024;17:03:28;55,1;8,5;0,899;58,68;18,08
1110;05/02/2024;17:03:29;55,3;8,5;0,901;59,04;18,09
1111;05/02/2024;17:03:30;55,2;8,5;0,9;59,04;18,11
1112;05/02/2024;17:03:31;55,4;8,5;0,902;59,04;18,12
1113;05/02/2024;17:03:32;55,4;8,5;0,902;59,04;18,14
1114;05/02/2024;17:03:33;55,1;8,5;0,899;58,68;18,16
1115;05/02/2024;17:03:34;55,1;8,5;0,899;58,68;18,17
1116;05/02/2024;17:03:35;54,9;8,5;0,898;58,68;18,19
1117;05/02/2024;17:03:36;55,1;8,5;0,899;58,68;18,21
1118;05/02/2024;17:03:37;55;8,5;0,898;58,68;18,22
1119;05/02/2024;17:03:38;54,6;8,5;0,895;58,68;18,24
1120;05/02/2024;17:03:39;54,4;8,5;0,893;58,32;18,25
1121;05/02/2024;17:03:40;54,3;8,5;0,893;58,32;18,27
1122;05/02/2024;17:03:41;53,9;8,5;0,889;58,32;18,29
1123;05/02/2024;17:03:42;53,8;8,5;0,889;57,96;18,3
1124;05/02/2024;17:03:43;54,1;8,5;0,891;58,32;18,32
1125;05/02/2024;17:03:44;54,5;8,5;0,894;58,68;18,34
1126;05/02/2024;17:03:45;54,6;8,6;0,895;58,68;18,35
1127;05/02/2024;17:03:46;54,3;8,5;0,893;58,32;18,37
1128;05/02/2024;17:03:47;54,5;8,5;0,894;58,68;18,38
1129;05/02/2024;17:03:48;55,4;8,5;0,902;59,04;18,4
1130;05/02/2024;17:03:49;55,7;8,5;0,904;59,04;18,42
1131;05/02/2024;17:03:50;55,9;8,6;0,906;59,4;18,43
1132;05/02/2024;17:03:51;55,7;8,5;0,904;59,04;18,45
1133;05/02/2024;17:03:52;56,2;8,5;0,908;59,4;18,47
1134;05/02/2024;17:03:53;55,9;8,5;0,906;59,4;18,48
1135;05/02/2024;17:03:54;55,9;8,6;0,906;59,4;18,5
1136;05/02/2024;17:03:55;56;8,6;0,907;59,4;18,52
1137;05/02/2024;17:03:56;55,7;8,6;0,904;59,04;18,53
1138;05/02/2024;17:03:57;55,9;8,5;0,906;59,4;18,55
1139;05/02/2024;17:03:58;55,2;8,5;0,9;59,04;18,57
1140;05/02/2024;17:03:59;55,3;8,5;0,901;59,04;18,58
1141;05/02/2024;17:04:00;55,3;8,5;0,901;59,04;18,6
1142;05/02/2024;17:04:01;55,4;8,6;0,902;59,04;18,61
1143;05/02/2024;17:04:02;55,2;8,5;0,9;59,04;18,63
1144;05/02/2024;17:04:03;55,3;8,6;0,901;59,04;18,65
1145;05/02/2024;17:04:04;55;8,6;0,898;58,68;18,66
1146;05/02/2024;17:04:05;54,9;8,5;0,898;58,68;18,68
1147;05/02/2024;17:04:06;54,6;8,5;0,895;58,68;18,7
1148;05/02/2024;17:04:07;54,5;8,5;0,894;58,68;18,71
1149;05/02/2024;17:04:08;54,7;8,5;0,896;58,68;18,73
1150;05/02/2024;17:04:09;55,2;8,6;0,9;59,04;18,75
1151;05/02/2024;17:04:10;54,9;8,6;0,898;58,68;18,76
1152;05/02/2024;17:04:11;55,2;8,6;0,9;59,04;18,78
1153;05/02/2024;17:04:12;55,1;8,5;0,899;58,68;18,79
1154;05/02/2024;17:04:13;55,2;8,5;0,9;59,04;18,81
1155;05/02/2024;17:04:14;55,5;8,5;0,902;59,04;18,83
1156;05/02/2024;17:04:15;55,3;8,5;0,901;59,04;18,84
1157;05/02/2024;17:04:16;55,2;8,6;0,9;59,04;18,86
1158;05/02/2024;17:04:17;55;8,5;0,898;58,68;18,88
1159;05/02/2024;17:04:18;55,2;8,5;0,9;59,04;18,89
1160;05/02/2024;17:04:19;54,7;8,5;0,896;58,68;18,91
1161;05/02/2024;17:04:20;54,4;8,5;0,893;58,32;18,93
1162;05/02/2024;17:04:21;54;8,6;0,89;58,32;18,94
1163;05/02/2024;17:04:22;54,4;8,5;0,893;58,32;18,96
1164;05/02/2024;17:04:23;54,2;8,4;0,892;58,32;18,97
1165;05/02/2024;17:04:24;53,9;8,5;0,889;58,32;18,99
1166;05/02/2024;17:04:25;53,9;8,5;0,889;58,32;19,01
1167;05/02/2024;17:04:26;53,8;8,5;0,889;57,96;19,02
1168;05/02/2024;17:04:27;54,3;8,5;0,893;58,32;19,04
1169;05/02/2024;17:04:28;54,6;8,5;0,895;58,68;19,05
1170;05/02/2024;17:04:29;54,2;8,5;0,892;58,32;19,07
1171;05/02/2024;17:04:30;53,7;8,5;0,888;57,96;19,09
1172;05/02/2024;17:04:31;53,4;8,5;0,885;57,96;19,1
1173;05/02/2024;17:04:32;53,5;8,5;0,886;57,96;19,12
1174;05/02/2024;17:04:33;53,6;8,5;0,887;57,96;19,14
1175;05/02/2024;17:04:34;53,9;8,5;0,889;58,32;19,15
1176;05/02/2024;17:04:35;53,9;8,5;0,889;58,32;19,17
1177;05/02/2024;17:04:36;53,7;8,5;0,888;57,96;19,18
1178;05/02/2024;17:04:37;53,8;8,5;0,889;57,96;19,2
1179;05/02/2024;17:04:38;53,6;8,5;0,887;57,96;19,22
1180;05/02/2024;17:04:39;53,5;8,5;0,886;57,96;19,23
1181;05/02/2024;17:04:40;53,5;8,5;0,886;57,96;19,25
1182;05/02/2024;17:04:41;54,4;8,5;0,893;58,32;19,26
1183;05/02/2024;17:04:42;54,7;8,5;0,896;58,68;19,28
1184;05/02/2024;17:04:43;54,5;8,5;0,894;58,68;19,3
1185;05/02/2024;17:04:44;54,5;8,5;0,894;58,68;19,31
1186;05/02/2024;17:04:45;54,3;8,5;0,893;58,32;19,33
1187;05/02/2024;17:04:46;54,4;8,5;0,893;58,32;19,35
1188;05/02/2024;17:04:47;54,6;8,5;0,895;58,68;19,36
1189;05/02/2024;17:04:48;54,9;8,5;0,898;58,68;19,38
1190;05/02/2024;17:04:49;55,4;8,5;0,902;59,04;19,39
1191;05/02/2024;17:04:50;55,5;8,5;0,902;59,04;19,41
1192;05/02/2024;17:04:51;55,4;8,5;0,902;59,04;19,43
1193;05/02/2024;17:04:52;54,5;8,5;0,894;58,68;19,44
1194;05/02/2024;17:04:53;54,4;8,5;0,893;58,32;19,46
1195;05/02/2024;17:04:54;54,2;8,5;0,892;58,32;19,48
1196;05/02/2024;17:04:55;54;8,5;0,89;58,32;19,49
1197;05/02/2024;17:04:56;53,8;8,5;0,889;57,96;19,51
1198;05/02/2024;17:04:57;53,8;8,5;0,889;57,96;19,52
1199;05/02/2024;17:04:58;53,6;8,5;0,887;57,96;19,54
1200;05/02/2024;17:04:59;54;8,5;0,89;58,32;19,56
1201;05/02/2024;17:05:00;53,8;8,5;0,889;57,96;19,57
1202;05/02/2024;17:05:01;54,2;8,4;0,892;58,32;19,59
1203;05/02/2024;17:05:02;54,2;8,4;0,892;58,32;19,61
1204;05/02/2024;17:05:03;54,7;8,4;0,896;58,68;19,62
1205;05/02/2024;17:05:04;54,4;8,4;0,893;58,32;19,64
1206;05/02/2024;17:05:05;54,6;8,4;0,895;58,68;19,65
1207;05/02/2024;17:05:06;54,6;8,4;0,895;58,68;19,67
1208;05/02/2024;17:05:07;54,9;8,4;0,898;58,68;19,69
1209;05/02/2024;17:05:08;54,8;8,4;0,897;58,68;19,7
1210;05/02/2024;17:05:09;54,7;8,5;0,896;58,68;19,72
1211;05/02/2024;17:05:10;54,7;8,5;0,896;58,68;19,74
1212;05/02/2024;17:05:11;54,7;8,5;0,896;58,68;19,75
1213;05/02/2024;17:05:12;54,7;8,5;0,896;58,68;19,77
1214;05/02/2024;17:05:13;54,3;8,4;0,893;58,32;19,78
1215;05/02/2024;17:05:14;54,1;8,5;0,891;58,32;19,8
1216;05/02/2024;17:05:15;54,1;8,5;0,891;58,32;19,82
1217;05/02/2024;17:05:16;54,1;8,5;0,891;58,32;19,83
1218;05/02/2024;17:05:17;54;8,5;0,89;58,32;19,85
1219;05/02/2024;17:05:18;54,1;8,5;0,891;58,32;19,87
1220;05/02/2024;17:05:19;54,5;8,5;0,894;58,68;19,88
1221;05/02/2024;17:05:20;54,1;8,5;0,891;58,32;19,9
1222;05/02/2024;17:05:21;54,8;8,5;0,897;58,68;19,91
1223;05/02/2024;17:05:22;55,2;8,5;0,9;59,04;19,93
1224;05/02/2024;17:05:23;55,8;8,9;0,905;59,04;19,95
1225;05/02/2024;17:05:24;73;8,5;1,035;67,68;19,96
1226;05/02/2024;17:05:25;70,1;8,6;1,014;66,24;19,98
1227;05/02/2024;17:05:26;67,3;8,5;0,994;65,16;20
1228;05/02/2024;17:05:27;66,6;8,5;0,989;64,8;20,02
1229;05/02/2024;17:05:28;64,8;8,5;0,975;63,72;20,04
1230;05/02/2024;17:05:29;62,9;8,6;0,961;63;20,05
1231;05/02/2024;17:05:30;62,1;8,5;0,955;62,28;20,07
1232;05/02/2024;17:05:31;61,1;8,6;0,947;61,92;20,09
1233;05/02/2024;17:05:32;60,1;8,5;0,939;61,56;20,11
1234;05/02/2024;17:05:33;58,8;8,6;0,929;60,84;20,12
1235;05/02/2024;17:05:34;58,4;8,6;0,926;60,48;20,14
1236;05/02/2024;17:05:35;58;8,6;0,923;60,48;20,16
1237;05/02/2024;17:05:36;57,1;8,5;0,915;59,76;20,17
1238;05/02/2024;17:05:37;56,8;8,5;0,913;59,76;20,19
1239;05/02/2024;17:05:38;56,6;8,6;0,911;59,76;20,21
1240;05/02/2024;17:05:39;56,7;8,6;0,912;59,76;20,22
1241;05/02/2024;17:05:40;55,9;8,6;0,906;59,4;20,24
1242;05/02/2024;17:05:41;56,2;8,6;0,908;59,4;20,26
1243;05/02/2024;17:05:42;56;8,6;0,907;59,4;20,27
1244;05/02/2024;17:05:43;55,5;8,6;0,902;59,04;20,29
1245;05/02/2024;17:05:44;55,5;8,6;0,902;59,04;20,31
1246;05/02/2024;17:05:45;55,5;8,5;0,902;59,04;20,32
1247;05/02/2024;17:05:46;55,6;8,5;0,903;59,04;20,34
1248;05/02/2024;17:05:47;55,4;8,5;0,902;59,04;20,36
1249;05/02/2024;17:05:48;55,1;8,6;0,899;58,68;20,37
1250;05/02/2024;17:05:49;54,6;8,6;0,895;58,68;20,39
1251;05/02/2024;17:05:50;54,3;8,5;0,893;58,32;20,4
1252;05/02/2024;17:05:51;54,4;8,6;0,893;58,32;20,42
1253;05/02/2024;17:05:52;54,4;8,6;0,893;58,32;20,44
1254;05/02/2024;17:05:53;54,4;8,6;0,893;58,32;20,45
1255;05/02/2024;17:05:54;54,3;8,6;0,893;58,32;20,47
1256;05/02/2024;17:05:55;54,1;8,6;0,891;58,32;20,49
1257;05/02/2024;17:05:56;53,8;8,6;0,889;57,96;20,5
1258;05/02/2024;17:05:57;53,7;8,6;0,888;57,96;20,52
1259;05/02/2024;17:05:58;53,7;8,6;0,888;57,96;20,53
1260;05/02/2024;17:05:59;54,3;8,6;0,893;58,32;20,55
1261;05/02/2024;17:06:00;54,4;8,6;0,893;58,32;20,57
1262;05/02/2024;17:06:01;54,7;8,6;0,896;58,68;20,58
1263;05/02/2024;17:06:02;54,9;8,6;0,898;58,68;20,6
1264;05/02/2024;17:06:03;55,1;8,6;0,899;58,68;20,62
1265;05/02/2024;17:06:04;54,8;8,6;0,897;58,68;20,63
1266;05/02/2024;17:06:05;54,7;8,6;0,896;58,68;20,65
1267;05/02/2024;17:06:06;55;8,6;0,898;58,68;20,66
1268;05/02/2024;17:06:07;55,1;8,6;0,899;58,68;20,68
1269;05/02/2024;17:06:08;55,4;8,6;0,902;59,04;20,7
1270;05/02/2024;17:06:09;55,4;8,6;0,902;59,04;20,71
1271;05/02/2024;17:06:10;55,9;8,6;0,906;59,4;20,73
1272;05/02/2024;17:06:11;55,9;8,6;0,906;59,4;20,75
1273;05/02/2024;17:06:12;55,6;8,6;0,903;59,04;20,76
1274;05/02/2024;17:06:13;55,5;8,6;0,902;59,04;20,78
1275;05/02/2024;17:06:14;55,9;8,6;0,906;59,4;20,8
1276;05/02/2024;17:06:15;50,4;8,6;0,86;56,16;20,81
1277;05/02/2024;17:06:16;53,5;8,6;0,886;57,96;20,83
1278;05/02/2024;17:06:17;53,4;8,6;0,885;57,96;20,84
1279;05/02/2024;17:06:18;53,5;8,5;0,886;57,96;20,86
1280;05/02/2024;17:06:19;53,5;8,6;0,886;57,96;20,88
1281;05/02/2024;17:06:20;53,7;8,6;0,888;57,96;20,89
1282;05/02/2024;17:06:21;53,5;8,6;0,886;57,96;20,91
1283;05/02/2024;17:06:22;53,3;8,6;0,884;57,96;20,92
1284;05/02/2024;17:06:23;53,7;8,6;0,888;57,96;20,94
1285;05/02/2024;17:06:24;53,8;8,5;0,889;57,96;20,96
1286;05/02/2024;17:06:25;53,4;8,6;0,885;57,96;20,97
1287;05/02/2024;17:06:26;53,2;8,6;0,884;57,96;20,99
1288;05/02/2024;17:06:27;53,2;8,6;0,884;57,96;21
1289;05/02/2024;17:06:28;53,1;8,5;0,883;57,6;21,02
1290;05/02/2024;17:06:29;52,8;8,5;0,88;57,6;21,04
1291;05/02/2024;17:06:30;52,6;8,6;0,879;57,6;21,05
1292;05/02/2024;17:06:31;52,6;8,5;0,879;57,6;21,07
1293;05/02/2024;17:06:32;52,8;8,6;0,88;57,6;21,08
1294;05/02/2024;17:06:33;53;8,6;0,882;57,6;21,1
1295;05/02/2024;17:06:34;53,6;8,5;0,887;57,96;21,12
1296;05/02/2024;17:06:35;54;8,6;0,89;58,32;21,13
1297;05/02/2024;17:06:36;54,1;8,6;0,891;58,32;21,15
1298;05/02/2024;17:06:37;53,9;8,6;0,889;58,32;21,17
1299;05/02/2024;17:06:38;54,4;8,6;0,893;58,32;21,18
1300;05/02/2024;17:06:39;54,8;8,5;0,897;58,68;21,2
1301;05/02/2024;17:06:40;55,1;8,5;0,899;58,68;21,21
1302;05/02/2024;17:06:41;55,2;8,5;0,9;59,04;21,23
1303;05/02/2024;17:06:42;55;8,5;0,898;58,68;21,25
1304;05/02/2024;17:06:43;54,9;8,5;0,898;58,68;21,26
1305;05/02/2024;17:06:44;58,4;8,5;0,926;60,48;21,28
1306;05/02/2024;17:06:45;70,8;8,5;1,019;66,6;21,3
1307;05/02/2024;17:06:46;82,9;8,6;1,103;72;21,31
1308;05/02/2024;17:06:47;92,3;8,5;1,164;75,96;21,33
1309;05/02/2024;17:06:48;96,1;8,4;1,188;77,76;21,36
1310;05/02/2024;17:06:49;118,9;8,3;1,321;86,4;21,38
1311;05/02/2024;17:06:50;579,1;5,7;2,915;190,8;21,4
1312;05/02/2024;17:06:51;1034,1;0,7;3,896;254,88;21,45
1313;05/02/2024;17:06:52;1034,2;0,7;3,896;254,88;21,52
1314;05/02/2024;17:06:53;891,4;0,7;3,617;236,52;21,6
1315;05/02/2024;17:06:54;750,2;0,7;3,318;217,08;21,66
1316;05/02/2024;17:06:55;622,7;0,7;3,023;197,64;21,72
1317;05/02/2024;17:06:56;559,9;0,7;2,866;187,56;21,78
1318;05/02/2024;17:06:57;460,1;0,7;2,598;169,92;21,83
1319;05/02/2024;17:06:58;381,2;0,7;2,365;154,8;21,88
1320;05/02/2024;17:06:59;314;0,7;2,147;140,4;21,92
1321;05/02/2024;17:07:00;279;0,7;2,023;132,48;21,96
1322;05/02/2024;17:07:01;230,4;0,7;1,839;120,24;21,99
1323;05/02/2024;17:07:02;189,7;0,6;1,668;109,08;22,03
1324;05/02/2024;17:07:03;159,7;0,7;1,531;100,08;22,06
1325;05/02/2024;17:07:04;143,7;0,7;1,452;95,04;22,09
1326;05/02/2024;17:07:05;122,7;0,7;1,342;87,84;22,11
1327;05/02/2024;17:07:06;103,3;0,7;1,231;80,64;22,14
1328;05/02/2024;17:07:07;86,9;0,7;1,129;73,8;22,16
1329;05/02/2024;17:07:08;78;0,7;1,07;69,84;22,18
1330;05/02/2024;17:07:09;65,9;0,7;0,983;64,44;22,2
1331;05/02/2024;17:07:10;56;0,7;0,907;59,4;22,22
1332;05/02/2024;17:07:11;45,2;0,7;0,814;53,28;22,23
1333;05/02/2024;17:07:12;41,5;0,7;0,78;51,12;22,25
1334;05/02/2024;17:07:13;37,7;0,7;0,744;48,6;22,26
1335;05/02/2024;17:07:14;30,9;0,7;0,673;43,92;22,28
1336;05/02/2024;17:07:15;22,8;0,7;0,578;37,8;22,29
1337;05/02/2024;17:07:16;17,9;0,7;0,513;33,48;22,3
1338;05/02/2024;17:07:17;14,7;0,7;0,464;30,24;22,31
1339;05/02/2024;17:07:18;10,2;0,7;0,387;25,2;22,32
1340;05/02/2024;17:07:19;8,3;0,7;0,349;22,68;22,32
1341;05/02/2024;17:07:20;6,9;0,7;0,318;20,88;22,33
1342;05/02/2024;17:07:21;5,8;0,7;0,292;19,08;22,34
1343;05/02/2024;17:07:22;4;0,8;0,242;15,84;22,34
1344;05/02/2024;17:07:23;4,3;0,7;0,251;16,56;22,35
1345;05/02/2024;17:07:24;4,1;0,7;0,245;16,2;22,35
1346;05/02/2024;17:07:25;3,4;0,7;0,223;14,76;22,35
1347;05/02/2024;17:07:26;2,3;0,7;0,184;11,88;22,36
1348;05/02/2024;17:07:27;1,5;0,7;0,148;9,72;22,36
1349;05/02/2024;17:07:28;1;0,7;0,121;7,92;22,36
1350;05/02/2024;17:07:29;0;0,7;0;0;22,37
1351;05/02/2024;17:07:30;0;0,7;0;0;22,37
1352;05/02/2024;17:07:31;0;0,7;0;0;22,37
1353;05/02/2024;17:07:32;0;0,7;0;0;22,37
1354;05/02/2024;17:07:33;0;0,7;0;0;22,37
1355;05/02/2024;17:07:34;0;0,7;0;0;22,37
1356;05/02/2024;17:07:35;0;0,7;0;0;22,37
1357;05/02/2024;17:07:36;0;0,7;0;0;22,37
1358;05/02/2024;17:07:37;0;0,7;0;0;22,37
1359;05/02/2024;17:07:38;0;0,7;0;0;22,37
1360;05/02/2024;17:07:39;0;0,7;0;0;22,37
1361;05/02/2024;17:07:40;0;0,7;0;0;22,37
1362;05/02/2024;17:07:41;0;0,7;0;0;22,37
1363;05/02/2024;17:07:42;0;0,7;0;0;22,37
1364;05/02/2024;17:07:43;0;0,7;0;0;22,37
1365;05/02/2024;17:07:44;0;0,7;0;0;22,37
1366;05/02/2024;17:07:45;0;0,7;0;0;22,37
1367;05/02/2024;17:07:46;0;0,7;0;0;22,37
1368;05/02/2024;17:07:47;0;0,7;0;0;22,37
1369;05/02/2024;17:07:48;0;0,7;0;0;22,37
1370;05/02/2024;17:07:49;0;0,7;0;0;22,37
1371;05/02/2024;17:07:50;0;0,7;0;0;22,37
1372;05/02/2024;17:07:51;0;0,7;0;0;22,37
1373;05/02/2024;17:07:52;0;0,7;0;0;22,37
1374;05/02/2024;17:07:53;0;0,7;0;0;22,37
1375;05/02/2024;17:07:54;0;0,7;0;0;22,37
1376;05/02/2024;17:07:55;0;0,7;0;0;22,37
1377;05/02/2024;17:07:56;0;0,7;0;0;22,37
1378;05/02/2024;17:07:57;0;0,7;0;0;22,37
1379;05/02/2024;17:07:58;0;0,7;0;0;22,37
1380;05/02/2024;17:07:59;0;0,7;0;0;22,37
1381;05/02/2024;17:08:00;0;0,7;0;0;22,37
1382;05/02/2024;17:08:01;0;0,7;0;0;22,37
1383;05/02/2024;17:08:02;0;0,7;0;0;22,37
1384;05/02/2024;17:08:03;0;0,7;0;0;22,37
1385;05/02/2024;17:08:04;0;0,7;0;0;22,37
1386;05/02/2024;17:08:05;0;0,7;0;0;22,37
1387;05/02/2024;17:08:06;0;0,7;0;0;22,37
1388;05/02/2024;17:08:07;0;0,7;0;0;22,37
1389;05/02/2024;17:08:08;0;0,7;0;0;22,37
1390;05/02/2024;17:08:09;0;0,7;0;0;22,37
1391;05/02/2024;17:08:10;0;0,7;0;0;22,37
1392;05/02/2024;17:08:11;0;0,7;0;0;22,37
1393;05/02/2024;17:08:12;0;0,7;0;0;22,37
1394;05/02/2024;17:08:13;0;0,7;0;0;22,37
1395;05/02/2024;17:08:14;0;0,7;0;0;22,37
1396;05/02/2024;17:08:15;0;0,7;0;0;22,37
1397;05/02/2024;17:08:16;0;0,7;0;0;22,37
1398;05/02/2024;17:08:17;0;0,7;0;0;22,37
1399;05/02/2024;17:08:18;0;0,7;0;0;22,37
1400;05/02/2024;17:08:19;0;0,7;0;0;22,37
1401;05/02/2024;17:08:20;0;0,7;0;0;22,37
1402;05/02/2024;17:08:21;0;0,7;0;0;22,37
1403;05/02/2024;17:08:22;0;0,7;0;0;22,37
1404;05/02/2024;17:08:23;0;0,7;0;0;22,37
1405;05/02/2024;17:08:24;0;0,7;0;0;22,37
1406;05/02/2024;17:08:25;0;0,7;0;0;22,37
1407;05/02/2024;17:08:26;0;0,7;0;0;22,37
1408;05/02/2024;17:08:27;0;0,7;0;0;22,37
1409;05/02/2024;17:08:28;0;0,7;0;0;22,37
1410;05/02/2024;17:08:29;0;0,7;0;0;22,37
1411;05/02/2024;17:08:30;0;0,7;0;0;22,37
1412;05/02/2024;17:08:31;0;0,7;0;0;22,37
1413;05/02/2024;17:08:32;0;0,7;0;0;22,37
1414;05/02/2024;17:08:33;0;0,7;0;0;22,37
1415;05/02/2024;17:08:34;0;0,7;0;0;22,37
1416;05/02/2024;17:08:35;0;0,7;0;0;22,37
1417;05/02/2024;17:08:36;0;0,7;0;0;22,37
1418;05/02/2024;17:08:37;0;0,7;0;0;22,37
1419;05/02/2024;17:08:38;0;0,7;0;0;22,37
1420;05/02/2024;17:08:39;0;0,7;0;0;22,37
1421;05/02/2024;17:08:40;0;0,7;0;0;22,37
1422;05/02/2024;17:08:41;0;0,7;0;0;22,37
1423;05/02/2024;17:08:42;0;0,7;0;0;22,37
1424;05/02/2024;17:08:43;0;0,7;0;0;22,37
1425;05/02/2024;17:08:44;0;0,7;0;0;22,37
1426;05/02/2024;17:08:45;0;0,7;0;0;22,37
1427;05/02/2024;17:08:46;0;0,7;0;0;22,37
1428;05/02/2024;17:08:47;0;0,7;0;0;22,37
1429;05/02/2024;17:08:48;0;0,7;0;0;22,37
1430;05/02/2024;17:08:49;0;0,7;0;0;22,37
1431;05/02/2024;17:08:50;0;0,7;0;0;22,37
1432;05/02/2024;17:08:51;0;0,7;0;0;22,37
1433;05/02/2024;17:08:52;0;0,7;0;0;22,37
1434;05/02/2024;17:08:53;0;0,7;0;0;22,37
1435;05/02/2024;17:08:54;0;0,7;0;0;22,37
1436;05/02/2024;17:08:55;0;0,7;0;0;22,37
1437;05/02/2024;17:08:56;0;0,7;0;0;22,37
1438;05/02/2024;17:08:57;0;0,7;0;0;22,37
1439;05/02/2024;17:08:58;0;0,7;0;0;22,37
1440;05/02/2024;17:08:59;0;0,7;0;0;22,37
1441;05/02/2024;17:09:00;0;0,7;0;0;22,37
1442;05/02/2024;17:09:01;0;0,7;0;0;22,37
1443;05/02/2024;17:09:02;0;0,7;0;0;22,37
1444;05/02/2024;17:09:03;0;0,7;0;0;22,37
1445;05/02/2024;17:09:04;0;0,7;0;0;22,37
1446;05/02/2024;17:09:05;0;0,7;0;0;22,37
1447;05/02/2024;17:09:06;0;0,7;0;0;22,37
1448;05/02/2024;17:09:07;0;0,7;0;0;22,37
1449;05/02/2024;17:09:08;0;0,7;0;0;22,37
1450;05/02/2024;17:09:09;0;0,7;0;0;22,37
1451;05/02/2024;17:09:10;0;0,7;0;0;22,37
1452;05/02/2024;17:09:11;0;0,7;0;0;22,37
1453;05/02/2024;17:09:12;0;0,7;0;0;22,37
1454;05/02/2024;17:09:13;0;0,7;0;0;22,37
1455;05/02/2024;17:09:14;0;0,7;0;0;22,37
1456;05/02/2024;17:09:15;0;0,7;0;0;22,37
1457;05/02/2024;17:09:16;0;0,7;0;0;22,37
1458;05/02/2024;17:09:17;0;0,7;0;0;22,37
1459;05/02/2024;17:09:18;0;0,7;0;0;22,37
1460;05/02/2024;17:09:19;0;0,7;0;0;22,37
1461;05/02/2024;17:09:20;0;0,7;0;0;22,37
1462;05/02/2024;17:09:21;0;0,7;0;0;22,37
1463;05/02/2024;17:09:22;0;0,7;0;0;22,37
1464;05/02/2024;17:09:23;0;0,7;0;0;22,37
1465;05/02/2024;17:09:24;0;0,7;0;0;22,37
1466;05/02/2024;17:09:25;0;0,7;0;0;22,37
1467;05/02/2024;17:09:26;0;0,7;0;0;22,37
1468;05/02/2024;17:09:27;0;0,7;0;0;22,37
1469;05/02/2024;17:09:28;0;0,7;0;0;22,37
1470;05/02/2024;17:09:29;0;0,7;0;0;22,37
1471;05/02/2024;17:09:30;0;0,7;0;0;22,37
1472;05/02/2024;17:09:31;0;0,7;0;0;22,37
1473;05/02/2024;17:09:32;0;0,7;0;0;22,37
1474;05/02/2024;17:09:33;0;0,7;0;0;22,37
1475;05/02/2024;17:09:34;0;0,7;0;0;22,37
1476;05/02/2024;17:09:35;0;0,7;0;0;22,37
1477;05/02/2024;17:09:36;0;0,7;0;0;22,37
1478;05/02/2024;17:09:37;0;0,7;0;0;22,37
1479;05/02/2024;17:09:38;0;0,7;0;0;22,37
1480;05/02/2024;17:09:39;0;0,7;0;0;22,37
1481;05/02/2024;17:09:40;0;0,7;0;0;22,37
1482;05/02/2024;17:09:41;0;0,7;0;0;22,37
1483;05/02/2024;17:09:42;0;0,7;0;0;22,37
1484;05/02/2024;17:09:43;0;0,7;0;0;22,37
1485;05/02/2024;17:09:44;0;0,7;0;0;22,37
1486;05/02/2024;17:09:45;0;0,7;0;0;22,37
1487;05/02/2024;17:09:46;0;0,7;0;0;22,37
1488;05/02/2024;17:09:47;0;0,7;0;0;22,37
1489;05/02/2024;17:09:48;0;0,7;0;0;22,37
1490;05/02/2024;17:09:49;0;0,7;0;0;22,37
1491;05/02/2024;17:09:50;0;0,7;0;0;22,37
1492;05/02/2024;17:09:51;0;0,7;0;0;22,37
1493;05/02/2024;17:09:52;0;0,7;0;0;22,37
1494;05/02/2024;17:09:53;0;0,7;0;0;22,37
1495;05/02/2024;17:09:54;0;0,7;0;0;22,37
1496;05/02/2024;17:09:55;0;0,7;0;0;22,37
1497;05/02/2024;17:09:56;0;0,7;0;0;22,37
1498;05/02/2024;17:09:57;0;0,7;0;0;22,37
1499;05/02/2024;17:09:58;0;0,7;0;0;22,37
1500;05/02/2024;17:09:59;0;0,7;0;0;22,37
1501;05/02/2024;17:10:00;0;0,7;0;0;22,37
1502;05/02/2024;17:10:01;0;0,7;0;0;22,37
1503;05/02/2024;17:10:02;0;0,7;0;0;22,37
1504;05/02/2024;17:10:03;0;0,7;0;0;22,37
1505;05/02/2024;17:10:04;0;0,7;0;0;22,37
1506;05/02/2024;17:10:05;0;0,7;0;0;22,37
1507;05/02/2024;17:10:06;0;0,7;0;0;22,37
1508;05/02/2024;17:10:07;0;0,7;0;0;22,37
1509;05/02/2024;17:10:08;0;0,7;0;0;22,37
1510;05/02/2024;17:10:09;0;0,7;0;0;22,37
1511;05/02/2024;17:10:10;0;0,7;0;0;22,37
1512;05/02/2024;17:10:11;0;0,7;0;0;22,37
1513;05/02/2024;17:10:12;0;0,7;0;0;22,37
1514;05/02/2024;17:10:13;0;0,7;0;0;22,37
1515;05/02/2024;17:10:14;0;0,7;0;0;22,37
1516;05/02/2024;17:10:15;0;0,7;0;0;22,37
1517;05/02/2024;17:10:16;0;0,7;0;0;22,37
1518;05/02/2024;17:10:17;0;0,7;0;0;22,37
1519;05/02/2024;17:10:18;0;0,7;0;0;22,37
1520;05/02/2024;17:10:19;0;0,7;0;0;22,37
1521;05/02/2024;17:10:20;0;0,7;0;0;22,37
1522;05/02/2024;17:10:21;0;0,7;0;0;22,37
1523;05/02/2024;17:10:22;0;0,7;0;0;22,37
1524;05/02/2024;17:10:23;0;0,7;0;0;22,37
1525;05/02/2024;17:10:24;0;0,7;0;0;22,37
1526;05/02/2024;17:10:25;0;0,7;0;0;22,37
1527;05/02/2024;17:10:26;0;0,7;0;0;22,37
1528;05/02/2024;17:10:27;0;0,7;0;0;22,37
1529;05/02/2024;17:10:28;0;0,7;0;0;22,37
1530;05/02/2024;17:10:29;0;0,7;0;0;22,37
1531;05/02/2024;17:10:30;0;0,7;0;0;22,37
1532;05/02/2024;17:10:31;0;0,7;0;0;22,37
1533;05/02/2024;17:10:32;0;0,7;0;0;22,37
1534;05/02/2024;17:10:33;0;0,7;0;0;22,37
1535;05/02/2024;17:10:34;0;0,7;0;0;22,37
1536;05/02/2024;17:10:35;0;0,7;0;0;22,37
1537;05/02/2024;17:10:36;0;0,7;0;0;22,37
1538;05/02/2024;17:10:37;0;0,7;0;0;22,37
1539;05/02/2024;17:10:38;0;0,7;0;0;22,37
1540;05/02/2024;17:10:39;0;0,7;0;0;22,37
1541;05/02/2024;17:10:40;0;0,7;0;0;22,37
1542;05/02/2024;17:10:41;0;0,7;0;0;22,37
1543;05/02/2024;17:10:42;0;0,7;0;0;22,37
1544;05/02/2024;17:10:43;0;0,7;0;0;22,37
1545;05/02/2024;17:10:44;0;0,7;0;0;22,37
1546;05/02/2024;17:10:45;0;0,7;0;0;22,37
1547;05/02/2024;17:10:46;0;0,7;0;0;22,37
1548;05/02/2024;17:10:47;0;0,7;0;0;22,37
1549;05/02/2024;17:10:48;0;0,7;0;0;22,37
1550;05/02/2024;17:10:49;0;0,7;0;0;22,37
1551;05/02/2024;17:10:50;0;0,7;0;0;22,37
1552;05/02/2024;17:10:51;0;0,7;0;0;22,37
1553;05/02/2024;17:10:52;0;0,7;0;0;22,37
1554;05/02/2024;17:10:53;0;0,7;0;0;22,37
1555;05/02/2024;17:10:54;0;0,7;0;0;22,37
1556;05/02/2024;17:10:55;0;0,7;0;0;22,37
1557;05/02/2024;17:10:56;0;0,7;0;0;22,37
1558;05/02/2024;17:10:57;0;0,7;0;0;22,37
1559;05/02/2024;17:10:58;0;0,7;0;0;22,37
1560;05/02/2024;17:10:59;0;0,7;0;0;22,37
1561;05/02/2024;17:11:00;0;0,7;0;0;22,37
1562;05/02/2024;17:11:01;0;0,7;0;0;22,37
1563;05/02/2024;17:11:02;0;0,7;0;0;22,37
1564;05/02/2024;17:11:03;0;0,7;0;0;22,37
1565;05/02/2024;17:11:04;0;0,7;0;0;22,37
1566;05/02/2024;17:11:05;0;0,7;0;0;22,37
1567;05/02/2024;17:11:06;0;0,7;0;0;22,37
1568;05/02/2024;17:11:07;0;0,7;0;0;22,37
1569;05/02/2024;17:11:08;0;0,7;0;0;22,37
1570;05/02/2024;17:11:09;0;0,7;0;0;22,37
1571;05/02/2024;17:11:10;0;0,7;0;0;22,37
1572;05/02/2024;17:11:11;0;0,7;0;0;22,37
1573;05/02/2024;17:11:12;0;0,7;0;0;22,37
1574;05/02/2024;17:11:13;0;0,7;0;0;22,37
1575;05/02/2024;17:11:14;0;0,7;0;0;22,37
1576;05/02/2024;17:11:15;0;0,7;0;0;22,37
1577;05/02/2024;17:11:16;0;0,7;0;0;22,37
1578;05/02/2024;17:11:17;0;0,7;0;0;22,37
1579;05/02/2024;17:11:18;0;0,7;0;0;22,37
1580;05/02/2024;17:11:19;0;0,7;0;0;22,37
1581;05/02/2024;17:11:20;0;0,7;0;0;22,37
1582;05/02/2024;17:11:21;0;0,7;0;0;22,37
1583;05/02/2024;17:11:22;0;0,7;0;0;22,37
1584;05/02/2024;17:11:23;0;0,7;0;0;22,37
1585;05/02/2024;17:11:24;0;0,7;0;0;22,37
1586;05/02/2024;17:11:25;0;0,7;0;0;22,37
1587;05/02/2024;17:11:26;0;0,7;0;0;22,37
1588;05/02/2024;17:11:27;0;0,7;0;0;22,37
1589;05/02/2024;17:11:28;0;0,7;0;0;22,37
1590;05/02/2024;17:11:29;0;0,7;0;0;22,37
1591;05/02/2024;17:11:30;0;0,7;0;0;22,37
1592;05/02/2024;17:11:31;0;0,7;0;0;22,37
1593;05/02/2024;17:11:32;0;0,7;0;0;22,37
1594;05/02/2024;17:11:33;0;0,7;0;0;22,37
1595;05/02/2024;17:11:34;0;0,7;0;0;22,37
1596;05/02/2024;17:11:35;0;0,7;0;0;22,37
1597;05/02/2024;17:11:36;0;0,7;0;0;22,37
1598;05/02/2024;17:11:37;0;0,7;0;0;22,37
1599;05/02/2024;17:11:38;0;0,7;0;0;22,37
1600;05/02/2024;17:11:39;0;0,7;0;0;22,37
1601;05/02/2024;17:11:40;0;0,7;0;0;22,37
1602;05/02/2024;17:11:41;0;0,7;0;0;22,37
1603;05/02/2024;17:11:42;0;0,7;0;0;22,37
1604;05/02/2024;17:11:43;0;0,7;0;0;22,37
1605;05/02/2024;17:11:44;0;0,7;0;0;22,37
1606;05/02/2024;17:11:45;0;0,7;0;0;22,37
1607;05/02/2024;17:11:46;0;0,7;0;0;22,37
1608;05/02/2024;17:11:47;0;0,7;0;0;22,37
1609;05/02/2024;17:11:48;0;0,7;0;0;22,37
1610;05/02/2024;17:11:49;0;0,7;0;0;22,37
1611;05/02/2024;17:11:50;0;0,7;0;0;22,37
1612;05/02/2024;17:11:51;0;0,7;0;0;22,37
1613;05/02/2024;17:11:52;0;0,7;0;0;22,37
1614;05/02/2024;17:11:53;0;0,7;0;0;22,37
1615;05/02/2024;17:11:54;0;0,7;0;0;22,37
1616;05/02/2024;17:11:55;0;0,7;0;0;22,37
1617;05/02/2024;17:11:56;0;0,7;0;0;22,37
1618;05/02/2024;17:11:57;0;0,7;0;0;22,37
1619;05/02/2024;17:11:58;0;0,7;0;0;22,37
1620;05/02/2024;17:11:59;0;0,7;0;0;22,37
1621;05/02/2024;17:12:00;0;0,7;0;0;22,37
1622;05/02/2024;17:12:01;0;0,7;0;0;22,37
1623;05/02/2024;17:12:02;0;0,7;0;0;22,37
1624;05/02/2024;17:12:03;0;0,7;0;0;22,37
1625;05/02/2024;17:12:04;0;0,7;0;0;22,37
1626;05/02/2024;17:12:05;0;0,7;0;0;22,37
1627;05/02/2024;17:12:06;0;0,7;0;0;22,37
1628;05/02/2024;17:12:07;0;0,7;0;0;22,37
1629;05/02/2024;17:12:08;0;0,7;0;0;22,37
1630;05/02/2024;17:12:09;0;0,7;0;0;22,37
1631;05/02/2024;17:12:10;0;0,7;0;0;22,37
1632;05/02/2024;17:12:11;0;0,7;0;0;22,37
1633;05/02/2024;17:12:12;0;0,7;0;0;22,37
1634;05/02/2024;17:12:13;0;0,7;0;0;22,37
1635;05/02/2024;17:12:14;0;0,7;0;0;22,37
1636;05/02/2024;17:12:15;0;0,7;0;0;22,37
1637;05/02/2024;17:12:16;0;0,7;0;0;22,37
1638;05/02/2024;17:12:17;0;0,7;0;0;22,37
1639;05/02/2024;17:12:18;0;0,7;0;0;22,37
1640;05/02/2024;17:12:19;0;0,7;0;0;22,37
1641;05/02/2024;17:12:20;0;0,7;0;0;22,37
1642;05/02/2024;17:12:21;0;0,7;0;0;22,37
1643;05/02/2024;17:12:22;0;0,7;0;0;22,37
1644;05/02/2024;17:12:23;0;0,7;0;0;22,37
1645;05/02/2024;17:12:24;0;0,7;0;0;22,37
1646;05/02/2024;17:12:25;0;0,7;0;0;22,37
1647;05/02/2024;17:12:26;0;0,7;0;0;22,37
1648;05/02/2024;17:12:27;0;0,7;0;0;22,37
1649;05/02/2024;17:12:28;0;0,7;0;0;22,37
1650;05/02/2024;17:12:29;0;0,7;0;0;22,37
1651;05/02/2024;17:12:30;0;0,7;0;0;22,37
1652;05/02/2024;17:12:31;0;0,7;0;0;22,37
1653;05/02/2024;17:12:32;0;0,7;0;0;22,37
1654;05/02/2024;17:12:33;0;0,7;0;0;22,37
1655;05/02/2024;17:12:34;0;0,7;0;0;22,37
1656;05/02/2024;17:12:35;0;0,7;0;0;22,37
1657;05/02/2024;17:12:36;0;0,7;0;0;22,37
1658;05/02/2024;17:12:37;0;0,7;0;0;22,37
1659;05/02/2024;17:12:38;0;0,7;0;0;22,37
1660;05/02/2024;17:12:39;0;0,7;0;0;22,37
1661;05/02/2024;17:12:40;0;0,7;0;0;22,37
1662;05/02/2024;17:12:41;0;0,7;0;0;22,37
1663;05/02/2024;17:12:42;0;0,7;0;0;22,37
1664;05/02/2024;17:12:43;0;0,7;0;0;22,37
1665;05/02/2024;17:12:44;0;0,7;0;0;22,37
1666;05/02/2024;17:12:45;0;0,7;0;0;22,37
1667;05/02/2024;17:12:46;0;0,7;0;0;22,37
1668;05/02/2024;17:12:47;0;0,7;0;0;22,37
1669;05/02/2024;17:12:48;0;0,7;0;0;22,37
1670;05/02/2024;17:12:49;0;0,7;0;0;22,37
1671;05/02/2024;17:12:50;0;0,7;0;0;22,37
1672;05/02/2024;17:12:51;0;0,7;0;0;22,37
1673;05/02/2024;17:12:52;0;0,7;0;0;22,37
1674;05/02/2024;17:12:53;0;0,7;0;0;22,37
1675;05/02/2024;17:12:54;0;0,7;0;0;22,37
1676;05/02/2024;17:12:55;0;0,7;0;0;22,37
1677;05/02/2024;17:12:56;0;0,7;0;0;22,37
1678;05/02/2024;17:12:57;0;0,7;0;0;22,37
1679;05/02/2024;17:12:58;0;0,7;0;0;22,37
1680;05/02/2024;17:12:59;0;0,7;0;0;22,37
1681;05/02/2024;17:13:00;0;0,7;0;0;22,37
1682;05/02/2024;17:13:01;0;0,7;0;0;22,37
1683;05/02/2024;17:13:02;0;0,7;0;0;22,37
1684;05/02/2024;17:13:03;0;0,7;0;0;22,37
1685;05/02/2024;17:13:04;0;0,7;0;0;22,37
1686;05/02/2024;17:13:05;0;0,7;0;0;22,37
1687;05/02/2024;17:13:06;0;0,7;0;0;22,37
1688;05/02/2024;17:13:07;0;0,7;0;0;22,37
1689;05/02/2024;17:13:08;0;0,7;0;0;22,37
1690;05/02/2024;17:13:09;0;0,7;0;0;22,37
1691;05/02/2024;17:13:10;0;0,7;0;0;22,37
1692;05/02/2024;17:13:11;0;0,7;0;0;22,37
1693;05/02/2024;17:13:12;0;0,7;0;0;22,37
1694;05/02/2024;17:13:13;0;0,7;0;0;22,37
1695;05/02/2024;17:13:14;0;0,7;0;0;22,37
1696;05/02/2024;17:13:15;0;0,7;0;0;22,37
1697;05/02/2024;17:13:16;0;0,7;0;0;22,37
1698;05/02/2024;17:13:17;0;0,7;0;0;22,37
1699;05/02/2024;17:13:18;0;0,7;0;0;22,37
1700;05/02/2024;17:13:19;0;0,7;0;0;22,37
1701;05/02/2024;17:13:20;0;0,7;0;0;22,37
1702;05/02/2024;17:13:21;0;0,7;0;0;22,37
1703;05/02/2024;17:13:22;0;0,7;0;0;22,37
1704;05/02/2024;17:13:23;0;0,7;0;0;22,37
1705;05/02/2024;17:13:24;0;0,7;0;0;22,37
1706;05/02/2024;17:13:25;0;0,7;0;0;22,37
1707;05/02/2024;17:13:26;0;0,7;0;0;22,37
1708;05/02/2024;17:13:27;0;0,7;0;0;22,37
1709;05/02/2024;17:13:28;0;0,7;0;0;22,37
1710;05/02/2024;17:13:29;0;0,7;0;0;22,37
1711;05/02/2024;17:13:30;0;0,7;0;0;22,37
1712;05/02/2024;17:13:31;0;0,7;0;0;22,37
1713;05/02/2024;17:13:32;0;0,7;0;0;22,37
1714;05/02/2024;17:13:33;0;0,7;0;0;22,37
1715;05/02/2024;17:13:34;0;0,7;0;0;22,37
1716;05/02/2024;17:13:35;0;0,7;0;0;22,37
1717;05/02/2024;17:13:36;0;0,7;0;0;22,37
1718;05/02/2024;17:13:37;0;0,7;0;0;22,37
1719;05/02/2024;17:13:38;0;0,7;0;0;22,37
1720;05/02/2024;17:13:39;0;0,7;0;0;22,37
1721;05/02/2024;17:13:40;0;0,7;0;0;22,37
1722;05/02/2024;17:13:41;0;0,7;0;0;22,37
1723;05/02/2024;17:13:42;0;0,7;0;0;22,37
1724;05/02/2024;17:13:43;0;0,7;0;0;22,37
1725;05/02/2024;17:13:44;0;0,7;0;0;22,37
1726;05/02/2024;17:13:45;0;0,7;0;0;22,37
1727;05/02/2024;17:13:46;0;0,7;0;0;22,37
1728;05/02/2024;17:13:47;0;0,7;0;0;22,37
1729;05/02/2024;17:13:48;0;0,7;0;0;22,37
1730;05/02/2024;17:13:49;0;0,7;0;0;22,37
1731;05/02/2024;17:13:50;0;0,7;0;0;22,37
1732;05/02/2024;17:13:51;0;0,7;0;0;22,37
1733;05/02/2024;17:13:52;0;0,7;0;0;22,37
1734;05/02/2024;17:13:53;0;0,7;0;0;22,37
1735;05/02/2024;17:13:54;0;0,7;0;0;22,37
1736;05/02/2024;17:13:55;0;0,7;0;0;22,37
1737;05/02/2024;17:13:56;0;0,7;0;0;22,37
1738;05/02/2024;17:13:57;0;0,7;0;0;22,37
1739;05/02/2024;17:13:58;0;0,7;0;0;22,37
